frase,emoji,tokens,vector
Estoy feliz,üòä,"['estoy', 'feliz']","[ 0.00761829 -0.00425853  0.00401297  0.00997226 -0.00948006 -0.00606914
  0.01265248  0.00895553 -0.00837076 -0.00541387  0.01331257 -0.00017741
 -0.0052475   0.01597055 -0.00986075 -0.00262497  0.01202929  0.00779657
 -0.00681909 -0.01843259  0.00859787  0.00283893  0.01637214  0.00197143
  0.00793003 -0.0009965  -0.00282669  0.00083452 -0.00739386 -0.00583782
 -0.00097037  0.00801496  0.0088747  -0.00447554 -0.00844973 -0.00019016
  0.00120416 -0.01464161 -0.00595411 -0.01371143 -0.00221954 -0.00079524
 -0.00034689 -0.0115835   0.00355019  0.00949562 -0.01544991 -0.00047589
  0.00065048  0.00660485]"
Me siento triste,üòî,"['me', 'siento', 'triste']","[-6.4321551e-03  4.3418785e-03  5.9737810e-03 -1.9316096e-03
  5.3022946e-03 -1.1610028e-02  1.1880746e-03  2.8559370e-03
 -6.9158063e-03 -3.5055624e-03  4.3072556e-03 -8.0062393e-03
 -7.2222762e-04 -3.5408076e-03  3.7577450e-03  9.7720595e-03
  5.5048242e-03  6.9037830e-03 -2.5164336e-03 -4.4877003e-03
  3.4650171e-03  8.5045648e-04  9.6756527e-03 -1.5043433e-02
  3.0922676e-03  5.1981453e-03  1.3212735e-03  5.3565018e-06
  1.5713656e-03  1.3385961e-03  3.4276287e-03 -4.9319089e-04
  9.3284436e-03  5.9302733e-03  2.9863827e-03  6.3005239e-03
  1.0265078e-02 -3.9968555e-04 -5.5283308e-05  1.0493744e-02
  5.4086559e-03 -4.9616564e-03 -7.8747598e-03  4.9382602e-03
  1.0506840e-04  3.8791159e-03 -3.8154547e-03 -6.8571568e-03
 -3.4460893e-03  5.9409817e-03]"
Tengo hambre,üçî,"['tengo', 'hambre']","[ 0.00646003  0.00638262 -0.01684231 -0.01695816  0.00080253 -0.00320775
 -0.00370943  0.00039776 -0.01079671 -0.01013515 -0.00395264  0.00344652
  0.00594015 -0.00599737 -0.01316817  0.0156142   0.00515012 -0.00063299
 -0.00848222  0.00432972  0.00077983  0.00309792  0.00841008  0.00337865
 -0.0066446   0.0110561   0.0148243  -0.00539277 -0.01041567  0.00632479
 -0.00772848 -0.00793134 -0.01720517  0.00810472 -0.00306084 -0.01235804
 -0.00610532 -0.00846691  0.01583651  0.00923721 -0.00484249  0.00838867
  0.01394202 -0.00394215  0.00221962  0.00479278  0.00806463  0.00878881
  0.00462583 -0.01685643]"
Tengo sed,ü•õ,"['tengo', 'sed']","[ 6.83268951e-03  7.14570051e-03 -1.41404215e-02 -8.38898402e-03
 -1.41827241e-02  4.76929359e-04  7.84301758e-03 -4.66422178e-03
 -1.34849269e-03  2.78407871e-03  8.72085057e-03 -1.18144033e-02
  1.14916023e-02  7.70505285e-05 -9.43712704e-03  1.48529895e-02
  6.31231256e-03  1.54570062e-02 -7.51204882e-03  6.05489314e-03
  1.75642059e-03 -3.31952237e-03 -5.47918864e-03  6.88046031e-03
 -9.76270624e-03  1.13263866e-02  1.23616317e-02 -3.20902723e-03
 -6.00540265e-03 -5.76645369e-03 -7.36454641e-03 -8.41948856e-03
  1.57703366e-03 -6.95852889e-03 -3.12877167e-03  2.60239467e-03
  4.58289729e-03  2.45050341e-03 -1.59827713e-03  5.17269922e-03
 -1.11254305e-02  1.25694256e-02  1.53647289e-02 -7.44707044e-03
  1.49058513e-02 -2.45968299e-03  1.04300063e-02  5.05030341e-03
  1.41392946e-02 -1.12486491e-03]"
Buenas noches,üò¥,"['buenas', 'noches']","[-4.1856500e-04 -3.6552541e-03 -4.9103098e-04 -1.1463438e-02
 -5.2441168e-04 -1.1319843e-02  7.9363966e-03  3.3515240e-03
  7.0771826e-03 -9.8833498e-03 -4.4238977e-03 -5.4267254e-03
 -1.0298688e-02 -4.5778374e-03  4.7676763e-03 -4.1993102e-04
  1.4659949e-04  1.5594503e-02 -6.9292751e-04 -6.8413261e-03
  8.2052313e-05  7.2362609e-03  6.6770217e-03  3.3902968e-03
  1.2829763e-02  1.2902563e-02 -3.0445759e-03 -5.1469868e-03
 -1.0405956e-03  8.3243363e-03 -8.8866027e-03 -4.0858183e-03
  8.8441614e-03 -1.6318468e-02 -5.9478413e-03 -7.4927756e-03
 -9.5662922e-03 -5.7302369e-03 -6.3348366e-03  2.8662439e-03
 -1.0150529e-02  4.1398397e-03  4.0398790e-03  1.2548098e-02
  1.6637553e-02 -4.6859528e-03  1.4961172e-02 -2.3434218e-04
 -2.2771251e-03  1.7511578e-03]"
Buenos d√≠as,‚òÄÔ∏è,"['buenos', 'd√≠as']","[-0.00788595 -0.01059964 -0.00268673  0.00762625 -0.01023559  0.0039762
 -0.00998198 -0.00149531  0.00298735 -0.00531719  0.00535441 -0.00227659
 -0.00328406  0.0095015  -0.0118867  -0.00106311 -0.01704549  0.00498498
 -0.00338246  0.00801647  0.00253939  0.00185267  0.00964367 -0.00441721
  0.01236922  0.00324309  0.00187894 -0.00112485 -0.00075442  0.01635539
  0.0042786   0.00484167 -0.00230898  0.00058872  0.00707688  0.0033207
  0.00713581  0.00461487 -0.00404041 -0.01200807  0.00062802  0.00121693
  0.0051045  -0.00757332  0.00443938 -0.00082008  0.01026718 -0.00266123
  0.00065805 -0.0052132 ]"
Te amo,üòç,"['te', 'amo']","[ 0.00402591  0.00924421 -0.00247354 -0.01362356 -0.0084151   0.00400268
 -0.00993908 -0.00350833 -0.01486192  0.00210548  0.00671042 -0.00902135
 -0.00279395 -0.00064571 -0.00097044 -0.01701265  0.01033673 -0.00286557
 -0.00113928  0.01851428  0.00972136  0.00099835  0.00697781  0.00738386
 -0.01412733  0.00781052 -0.00281854  0.0005509   0.01130238 -0.00422499
 -0.00864258 -0.00963082  0.01156229 -0.00211657  0.000437    0.00186056
  0.00385651 -0.00193152 -0.00367494  0.00037559 -0.01181264 -0.00807615
 -0.00331849  0.00833359 -0.01418301  0.00747442  0.00491739 -0.01479648
 -0.00892651  0.00714754]"
Me gustan los gatos,üêà,"['me', 'gustan', 'los', 'gatos']","[-0.00631217  0.00369663  0.00043226  0.00029625  0.01249513 -0.0063884
 -0.00129295 -0.01027105 -0.00231701 -0.00284686 -0.00644373  0.00285091
 -0.01202312 -0.00275892  0.001768   -0.00084501 -0.01120895 -0.00129012
  0.00359469  0.01147786  0.00457927  0.00754523  0.00861593 -0.00616854
  0.00620678  0.00296332  0.00138865  0.00774161 -0.00567863 -0.00741929
 -0.0026298   0.00191631 -0.00468879  0.00562823  0.00106423 -0.00092398
  0.00266502  0.00696917 -0.00583013  0.00261045  0.00293627  0.00383266
  0.00106699 -0.01158736  0.00215443  0.00319151 -0.01235122 -0.0012474
 -0.00268851 -0.00023673]"
Estoy cansado,üò¥,"['estoy', 'cansado']","[-0.00079599 -0.00866131 -0.0035182   0.01179716 -0.01753634 -0.01627643
  0.00417907  0.00032233 -0.01217728 -0.01229308  0.00709633 -0.00624349
  0.00211141  0.00816394 -0.0082717   0.00430276 -0.00316934 -0.00359074
 -0.01554295 -0.01388514  0.00564191  0.01164085  0.00418     0.00569457
  0.01333623 -0.01087296  0.00355529  0.01196771 -0.01056635  0.00278014
 -0.00145311 -0.00736268  0.00276677 -0.00490076 -0.00395521 -0.00792648
  0.017657   -0.0110992  -0.00662821 -0.00490407 -0.01222074  0.00543404
 -0.01217196 -0.0047437  -0.00059728  0.00063286  0.00050614  0.00374859
  0.00330169  0.01484031]"
Qu√© fr√≠o,ü•∂,"['qu√©', 'fr√≠o']","[ 0.00296074 -0.01300188  0.00941988  0.01209337 -0.00374885  0.01416033
  0.01731594  0.00426817  0.00872349  0.01477766 -0.00645132 -0.00077045
 -0.00967855 -0.00807281  0.01139456 -0.00081688  0.00481498  0.00348677
  0.0108321   0.01260198 -0.01165447 -0.00945038  0.01115297  0.00178879
  0.0067249   0.00262462 -0.0075462  -0.00457472  0.00446586 -0.00935374
 -0.0178204   0.00230918  0.00234392 -0.00217086 -0.00569811  0.00337044
 -0.00673389 -0.0177238   0.01107383  0.00417692 -0.00230296  0.00189837
 -0.00349976 -0.01654204 -0.0081038   0.00947617  0.01175965  0.00691494
 -0.00242182  0.01130356]"
Estoy emocionado,ü§©,"['estoy', 'emocionado']","[-0.00055915  0.00045099  0.00492213  0.00419529 -0.00499015 -0.00937336
  0.00864337  0.00963936  0.00083636 -0.01075611  0.00061646 -0.00617181
  0.00491739  0.00505736 -0.01439881 -0.00234521 -0.00160133  0.0070622
 -0.01791906 -0.00670672 -0.00181953  0.00637959  0.01302732  0.00815141
 -0.00119041 -0.00947189 -0.00784835 -0.002112   -0.01711697 -0.00593725
 -0.00843443 -0.00819472  0.0163274  -0.00635471  0.00348593 -0.00043021
  0.00890302 -0.01333086 -0.00223286 -0.00043372 -0.01459052  0.00611238
 -0.00573162 -0.00587971  0.01006182  0.00815458 -0.00524998  0.01660699
  0.01088242  0.0037023 ]"
Me siento bien,üôÇ,"['me', 'siento', 'bien']","[-1.7540731e-02  1.1347964e-02  3.4511054e-03  1.0555521e-02
  1.5088353e-02 -5.2450267e-03  1.0401086e-02 -3.4094863e-03
 -8.9080557e-03  4.8545282e-03  1.1934717e-03 -9.3029132e-03
  1.7772118e-05 -2.6292123e-03  7.5142798e-03  7.0576598e-03
 -3.0149179e-04  7.4866326e-03 -9.3389293e-03 -9.6324988e-04
  6.0049915e-03  8.8976426e-03  1.1087657e-02 -1.7133679e-02
  9.7983005e-03  3.8144842e-03 -1.8594632e-05 -3.7498607e-03
 -2.3325514e-03 -6.6947411e-03  1.0238341e-02 -4.8836372e-03
  6.9205598e-03  7.3075760e-03 -1.3617858e-03  6.2117670e-03
  7.4734632e-03  5.7233162e-03  6.8272972e-03  4.6889284e-03
  4.8591052e-03 -2.1635818e-03 -3.7514463e-03 -8.2315877e-04
  3.8150502e-03  7.5974427e-03 -1.5693734e-03 -3.0548777e-03
 -1.1846839e-03  2.9247620e-03]"
Qu√© calor,ü•µ,"['qu√©', 'calor']","[ 0.01425711 -0.01848379 -0.00754708  0.00170738  0.0007694   0.00730162
  0.00385611  0.01312286  0.00801752  0.00022885  0.00129379  0.01050492
 -0.01206885 -0.00694565  0.00777937  0.01244883  0.00409332 -0.01268114
  0.01211629 -0.00247107 -0.00950075 -0.0100032   0.01103933  0.00081265
  0.00402688 -0.00714618 -0.00444931  0.00390282  0.00651374  0.00410427
 -0.00974447 -0.0044401   0.01407347 -0.01137237  0.00590158 -0.00595173
 -0.00729595 -0.01641763  0.00730806 -0.00539717  0.00262426 -0.01052829
 -0.0028746  -0.01388821  0.00578793 -0.00598798  0.01036719 -0.00332445
 -0.00931716  0.01334252]"
Me duele la cabeza,ü§ï,"['me', 'duele', 'la', 'cabeza']","[-0.00470424 -0.00420417  0.0021555   0.00468305  0.00063228 -0.00040207
  0.00448311 -0.00550926 -0.00833915  0.00467385 -0.00678586  0.00365689
  0.00243005 -0.00380639 -0.00068253  0.00467211  0.00930513 -0.00515906
  0.00084895 -0.00877007  0.01155323  0.00729774  0.00670733 -0.01676057
 -0.01134984  0.00376043 -0.00170422  0.0065101  -0.00167557  0.00444286
  0.00270152  0.00441597 -0.00115704  0.00055431 -0.00623625 -0.00024477
 -0.00076078  0.0002585  -0.01013853  0.0092022   0.01331602  0.00036802
  0.00362208 -0.0028972   0.00927341 -0.00679462 -0.00661818 -0.00825236
  0.00887947  0.00432757]"
Estoy ocupado,üíº,"['estoy', 'ocupado']","[ 0.00276449  0.00232948  0.01041749  0.01650322 -0.01518131  0.00078718
  0.01251668  0.01874396 -0.00047835 -0.00719023  0.00365473 -0.00227679
 -0.00617875  0.01648089 -0.00379719  0.00220852  0.00628422 -0.00781396
 -0.00158368 -0.00133212  0.00574414  0.00745016  0.00044419 -0.00535672
  0.0146182  -0.00645937  0.00575686  0.00736113 -0.00957497 -0.00080509
 -0.01158913 -0.00272216  0.01092183 -0.00253949 -0.00374745 -0.00124641
  0.00017921  0.00355257 -0.00879227  0.00231823 -0.005616   -0.00200966
 -0.01394718 -0.01230004 -0.00505492  0.00685036  0.00196633  0.01166977
  0.00561718  0.01880087]"
Me siento solo,üòû,"['me', 'siento', 'solo']","[-0.0159505   0.00821083  0.00212677  0.00935377  0.00739616 -0.01021733
 -0.00022863  0.00173769 -0.00733637  0.00773395 -0.00415728 -0.01155999
 -0.00965737  0.00399013 -0.00308811  0.00297809 -0.00094112  0.01280624
 -0.00217967  0.00293234  0.00319548  0.00659087  0.00069692 -0.01403984
  0.00347969  0.00163155  0.00029389  0.00806509 -0.00295088 -0.00698578
  0.0024155  -0.00560018  0.00501303  0.00707948 -0.00512157  0.00868082
  0.01437259 -0.00389211 -0.00171001  0.01701025  0.01201193 -0.00770614
 -0.0081842   0.00520041  0.00700283  0.01409199 -0.00702283 -0.01216267
  0.00268478 -0.00106814]"
Vamos a bailar,üíÉ,"['vamos', 'a', 'bailar']","[ 0.00188139  0.00969595  0.0058595  -0.00803262  0.00203924 -0.00485023
  0.01776656  0.01121491 -0.00120688 -0.00338517  0.00365469 -0.00225356
  0.00476308  0.00022045  0.00227395 -0.00280076 -0.00335694 -0.0012727
 -0.0031764  -0.00362595 -0.00349177 -0.00826341 -0.00593602  0.00029582
 -0.00526266 -0.0038107   0.00358004 -0.00660359  0.00221706 -0.00462906
  0.01145735  0.0101116  -0.00702392  0.0060087   0.00995423  0.00362662
 -0.00214348  0.00056184  0.01309778  0.00398124  0.0043412  -0.01424676
  0.01109601  0.0002175   0.00899317 -0.01376592  0.00926671 -0.00730369
  0.01022159 -0.00730906]"
Me siento agradecido,üôè,"['me', 'siento', 'agradecido']","[-8.3164647e-03  5.4418216e-03 -5.7044453e-03 -2.0494547e-03
  6.5568029e-03 -7.2527267e-03  5.1762830e-03  5.8179325e-03
 -6.4044259e-04 -7.9880160e-04 -1.1092565e-03 -2.1892588e-03
 -1.3146376e-03 -1.0538987e-03  4.0374268e-03  2.6000792e-03
  3.3825098e-03  1.4186603e-02 -5.9857205e-03 -5.4103849e-03
  9.1467611e-03 -5.4543216e-05  4.0097255e-03 -6.0647982e-03
  5.9689512e-03 -8.5680373e-04 -1.9091280e-03  7.0633944e-03
 -6.8215257e-03  1.5442043e-04  2.5395339e-03  3.0645642e-03
  6.1245165e-03  2.5027436e-03 -2.2430059e-03  1.3428498e-03
  1.4670268e-02  4.3067769e-03  2.7621903e-03  4.3848664e-03
  1.4889914e-03 -5.2789487e-03 -4.2284839e-03 -1.7358419e-03
  1.0954914e-02  8.3837649e-03  1.9497058e-03 -1.0790076e-02
 -2.1687554e-05  1.7653424e-03]"
Estoy alegre,üòÑ,"['estoy', 'alegre']","[-2.88980361e-03 -3.05024325e-03 -3.05539882e-03  7.73506053e-03
 -7.61197833e-03 -1.12219267e-02 -1.12081831e-03  5.37282601e-03
 -1.41463615e-02 -4.62164637e-03  1.32900123e-02 -4.61152103e-03
 -1.36033399e-03  1.16089340e-02  3.54952784e-03  3.82234738e-03
  1.23733990e-02 -8.60855076e-03 -1.62690524e-02 -1.62798371e-02
 -6.00251369e-05 -2.84393132e-03 -8.66509043e-04 -2.17455765e-03
  7.80427363e-03 -6.28731400e-03 -9.80189163e-03  1.07961986e-02
 -6.69072103e-03  7.29591819e-04 -3.65780201e-04  6.70973025e-03
  8.73633847e-03 -3.76968016e-03 -7.46406335e-03  8.66653863e-06
  1.26537327e-02  3.93982837e-03 -3.21839331e-03 -1.91850658e-03
 -1.52601581e-02  2.77649006e-03 -5.29339537e-04 -8.26462358e-03
 -1.11057516e-03 -9.50296782e-03 -1.71489678e-02  1.83971152e-02
 -7.29776453e-04  1.43314693e-02]"
Me siento nervioso,üò¨,"['me', 'siento', 'nervioso']","[-9.4213057e-03  7.5435545e-03  4.8898003e-04  5.5274037e-03
  8.5627288e-03 -4.0016728e-03  3.9982959e-03 -2.6539192e-03
 -1.0156970e-02 -4.6069282e-03 -1.0917544e-03 -9.3183378e-03
 -7.1973545e-03 -3.0908028e-03 -4.6003000e-03  7.1954974e-03
  7.8639342e-03  7.3134410e-03 -9.1906572e-03  3.1463027e-03
  5.0287200e-03 -1.1131257e-03  4.0657027e-03 -1.3150372e-02
  5.3468249e-03 -4.3365583e-03  6.7402478e-03  4.8851524e-03
 -4.6849549e-03  3.6040319e-03  6.3412492e-03  3.7628952e-03
  2.1886150e-03  5.7763369e-03 -1.2756813e-03 -8.8315859e-04
  5.5289171e-03  7.2414749e-03  4.6032346e-03  1.1381839e-02
  1.2062651e-02 -8.7647447e-03 -4.8802267e-03 -5.4868534e-03
  3.6582973e-05  2.9757333e-03  6.4775971e-04 -3.9875018e-03
  5.3831511e-03  7.1825166e-03]"
Hoy es un buen d√≠a,üåû,"['hoy', 'es', 'un', 'buen', 'd√≠a']","[ 0.00156396  0.00392985 -0.00108748 -0.00077488  0.00187868  0.0032051
  0.00621001 -0.00613472 -0.0020536   0.00274974 -0.00165249 -0.00607723
 -0.0016938   0.00394116 -0.00467169 -0.00099086  0.00092087 -0.00173058
  0.00365117  0.00034936  0.00091641  0.00342758  0.00769155  0.01164773
  0.00081168 -0.00768021  0.00345512 -0.00360228  0.00543074  0.0043997
  0.00753357 -0.00479946 -0.00216541 -0.01290277 -0.00462883  0.00320693
  0.00440563  0.00453627  0.0042572  -0.00591543  0.00369352  0.00322371
  0.00104663 -0.00466094 -0.00087518  0.00745284 -0.01010303 -0.00072028
 -0.0006166   0.00397078]"
No me encuentro bien,üò∑,"['no', 'me', 'encuentro', 'bien']","[-1.3565654e-02 -1.3183546e-03 -4.8319153e-03  7.3545054e-03
  1.1142229e-02 -2.8099101e-03  2.1817656e-03 -4.6886811e-03
 -1.1645239e-02  5.8231624e-03 -8.6146290e-05 -5.5337138e-03
  4.6060197e-03 -1.1874841e-03  4.6628825e-03  2.5349488e-03
  1.6677042e-03 -7.9667950e-03 -5.4844799e-03 -7.8211054e-03
  2.5934929e-03  1.1395609e-02 -3.0349568e-04 -8.0736345e-03
  1.2633963e-02  2.6354878e-03 -1.9061537e-03  4.1783210e-03
 -1.1907667e-03 -1.1712356e-02  3.7034394e-03  3.8973063e-03
  3.1123443e-03  1.2030473e-02 -3.3331327e-03  4.6101054e-03
  3.9892178e-03 -3.2978877e-04  3.6679013e-03  4.8115607e-03
 -2.7077268e-03  3.2708861e-03  4.1083409e-03 -1.2455143e-03
  4.2079547e-03  3.1940662e-03 -1.0726857e-02  6.4579421e-03
 -5.7719229e-04  2.7354094e-03]"
Me siento motivado,üí™,"['me', 'siento', 'motivado']","[-0.00932882  0.00607999 -0.00327828  0.00824618  0.00898765 -0.01129671
  0.00865384  0.00384051  0.00153321  0.0028312  -0.00096005 -0.01077325
 -0.00335965  0.00595324  0.00070581  0.00531134  0.00137873  0.00846058
 -0.00948868  0.00483714  0.0062769   0.00876205  0.0005203  -0.01611475
  0.00331303 -0.00254838  0.00348383  0.00566429 -0.00210362  0.0010947
 -0.00021777 -0.00173243 -0.00194622  0.00274617 -0.00303611  0.00909031
  0.00638684  0.00537782  0.00696156  0.01160349  0.00640226  0.00087612
 -0.00212853  0.00547328  0.00671161  0.01231222  0.00142701 -0.01089929
 -0.00222338  0.00628743]"
Estoy confundido,ü§î,"['estoy', 'confundido']","[-3.17673839e-04  2.34289188e-03  6.17228867e-03  1.65751986e-02
 -1.37249837e-02 -6.84640417e-03  1.35293026e-02  1.12126991e-02
 -8.54602084e-04  4.37066890e-04  6.13992848e-03 -9.96937975e-03
 -1.47763966e-03 -2.26036552e-03 -7.57990032e-03 -1.11882705e-02
  2.40324833e-03 -6.82396907e-03 -8.89415853e-04 -1.44120893e-02
  1.73257608e-02 -3.91546264e-03  2.60846829e-03  2.69594253e-03
  3.40962340e-03 -1.96850440e-03 -4.66646440e-03  4.91625816e-03
 -1.33207059e-02 -1.36809051e-02 -1.22181978e-03 -5.55273436e-04
  1.60525702e-02 -1.49031468e-02  1.32231717e-03 -1.18034119e-02
  1.57213286e-02 -2.01179646e-05 -6.15116488e-03  3.45571479e-03
 -1.51001457e-02 -3.56882112e-03 -7.15759629e-03 -1.18353521e-03
 -8.02133512e-03 -9.15367156e-03  1.49890408e-03  1.11588947e-02
  5.85088087e-03  1.17585855e-02]"
Qu√© bonito es esto,üòç,"['qu√©', 'bonito', 'es', 'esto']","[-6.3070385e-03  1.8199971e-03  3.7688800e-04  9.8192820e-04
 -5.6702006e-03  2.5436056e-03  1.1320665e-02  5.2872715e-03
 -5.0776531e-03  9.3017868e-04  1.3669198e-03  7.2188280e-04
 -1.0564656e-03 -1.0054667e-02  2.1064966e-03 -3.2350514e-03
  2.8203425e-03 -5.2957316e-03 -5.7383627e-04  1.6494645e-03
 -5.5136802e-03 -7.1554948e-03  1.4969207e-02  1.1264589e-02
 -5.0320672e-03 -2.9574502e-03 -8.4098661e-04 -1.1195312e-05
  5.7449862e-03 -2.8428776e-04 -4.3163085e-03 -5.9203589e-03
 -5.9481207e-03 -6.6849408e-03 -2.0762256e-03  5.1217536e-03
  9.3130842e-03 -5.2981805e-03  2.1149176e-03 -8.9302333e-04
  7.1190926e-03 -6.8310718e-04  3.4051477e-03 -5.6335069e-03
  6.9102361e-03  3.0230372e-03  2.2474315e-04  5.8978028e-04
 -1.0850519e-02 -2.3704828e-03]"
Me siento relajado,üßò‚Äç‚ôÇÔ∏è,"['me', 'siento', 'relajado']","[-0.00943995  0.01080959 -0.000255    0.00977165  0.01313808 -0.01253717
  0.00121153 -0.00211422 -0.00109328  0.00147268 -0.00318322 -0.00027212
 -0.00024086 -0.00136127 -0.00228773  0.00334799  0.00069345  0.00238295
 -0.0034935  -0.00177665  0.00697232  0.0063085   0.00210441 -0.01912038
  0.00849655 -0.00215901  0.00330735 -0.00012089  0.00171188 -0.00082361
  0.0084098  -0.00284903  0.00207946  0.00586957 -0.0003138  -0.00073396
  0.00344614  0.00164537  0.008514    0.01440544  0.00044732  0.00115429
 -0.00100239  0.00495455  0.01098562  0.00383425 -0.00799644 -0.00193599
  0.00790415  0.00780557]"
Estoy cansado de todo,üò©,"['estoy', 'cansado', 'de', 'todo']","[ 0.00165567 -0.00062465 -0.00014318  0.00296794 -0.00561121 -0.0081562
 -0.00456434 -0.00303056 -0.01080436 -0.0063386   0.0036551  -0.00783205
  0.00699204  0.00489429 -0.00211821 -0.00138092  0.00598118  0.00775626
 -0.01423894 -0.00501312 -0.00349417  0.00636191 -0.00128039  0.00029197
  0.01218008 -0.0044276   0.00480337  0.01301518 -0.00480814 -0.00138193
 -0.00201838 -0.01121838 -0.00085733 -0.00514477 -0.00978994 -0.00882355
  0.01279519 -0.00291495 -0.00731425 -0.00528594 -0.00727901  0.00118895
 -0.00385422 -0.00107968  0.00304715 -0.00144225  0.00405887  0.00291935
 -0.00013091  0.00844979]"
Estoy aprendiendo,üìö,"['estoy', 'aprendiendo']","[ 9.4650742e-03  7.5181929e-04 -4.1521154e-05  5.3474805e-03
 -8.0463914e-03 -1.2539906e-02  1.3914311e-02  1.7985009e-02
 -8.0492208e-04 -1.1209396e-02  1.4633089e-03 -1.5966429e-03
 -5.5407207e-03  1.0853913e-03  3.0176654e-03  4.4415174e-03
 -1.3154615e-03  3.4196975e-03 -3.1747688e-03 -7.1112746e-03
  1.5976675e-02  3.8287826e-03  3.9009238e-04 -6.7844521e-05
 -1.9126921e-03  6.4277924e-03 -9.6009672e-03  4.3111327e-03
 -1.0441069e-02 -7.1537984e-04 -2.5922982e-03 -9.1769788e-03
  5.1275268e-03 -6.9386396e-03  1.6575977e-03  3.2143786e-03
  6.7326110e-03 -6.5708961e-03 -7.8628026e-03 -2.1174690e-04
 -1.7172739e-02  8.2678702e-03 -1.2084114e-02 -1.2162316e-02
  6.9627077e-03 -6.7618320e-04 -1.7222267e-02  1.4032703e-04
  5.5612116e-03  1.1018822e-03]"
Me siento seguro,üõ°Ô∏è,"['me', 'siento', 'seguro']","[-8.6669028e-03  7.7042221e-03  2.9116375e-03  6.5440591e-04
  1.5978813e-02 -1.3163384e-02  8.8081118e-03 -8.8903378e-04
 -5.3311982e-03  4.7024335e-03 -2.9601371e-03 -8.4182620e-03
 -8.0677075e-03 -4.4145244e-03  9.2374330e-04  2.8952083e-03
  6.9917403e-03  2.4266746e-03 -7.3106438e-03 -5.0699189e-03
 -1.1240219e-03  2.0663922e-03 -5.8490719e-04 -1.6517749e-02
  9.3194162e-03  1.3414407e-03  3.7178255e-03  7.9132700e-03
 -9.4206613e-03  2.7912494e-03  7.4228953e-04  3.3377279e-03
  8.2005458e-03  6.4989668e-03 -6.5492224e-03  5.3931759e-03
  3.4428563e-03 -5.8117635e-06  7.3531427e-04  5.0105951e-03
  9.7179003e-03 -1.6154582e-03 -6.4109131e-03 -5.2171443e-03
  6.8587386e-03  6.0727610e-03 -7.8846626e-03 -8.7423353e-03
  1.9410066e-04  1.1305239e-02]"
Estoy sorprendido,üò≤,"['estoy', 'sorprendido']","[-0.00697373  0.00752828  0.01123869  0.00408928 -0.01106313 -0.00967622
  0.00965065  0.00850726 -0.0078603  -0.01291026  0.01384259 -0.01126077
 -0.01316583  0.00799049 -0.00194392 -0.00178938  0.00323766  0.00362661
 -0.00650896 -0.00195892  0.00396663 -0.00210377 -0.00096762  0.00868556
  0.00835184 -0.0092239   0.00541228  0.01426729  0.00035468 -0.01069211
 -0.01270567 -0.00295418  0.00292032 -0.00269932  0.00331836 -0.00789424
  0.01531611 -0.01360512  0.00615793 -0.00937906 -0.00755614  0.00171019
 -0.00526503  0.00336041 -0.00131224 -0.00520162 -0.01624992  0.0131542
  0.00920203  0.01598343]"
No tengo tiempo,‚è≥,"['no', 'tengo', 'tiempo']","[ 2.67106737e-03 -1.60124153e-04 -9.14788991e-03 -5.21310931e-03
 -1.75574922e-03 -1.10403234e-02 -1.06379077e-04  3.48968804e-03
  1.72693908e-04 -1.12292944e-02  1.00853080e-02 -1.06242513e-02
 -4.42365817e-05 -4.28039813e-03 -1.05609475e-02  1.69103798e-02
  1.37919160e-02 -5.15284436e-03  2.05734977e-03 -3.10759922e-03
  8.50405451e-03  1.03227776e-02 -4.36125556e-04 -2.56994623e-03
 -1.49198493e-03  5.91615448e-03  2.26849713e-03  6.96990220e-03
  1.82079244e-03 -5.78172645e-03  3.96030024e-04 -4.27945796e-03
 -2.50394596e-03  1.53407606e-03 -8.48886091e-03 -5.96324122e-03
  4.37183492e-03  2.82592722e-03  6.41806936e-03  7.97056686e-03
  5.35363331e-03  7.30802817e-03  8.45301803e-03 -3.21526011e-03
  8.50676931e-03  1.01480298e-02 -1.42041873e-03  2.84387916e-03
  8.83814786e-03  3.34792957e-03]"
Estoy enamorado,üíò,"['estoy', 'enamorado']","[ 0.00061905  0.00637295 -0.00149242  0.01551767  0.00049139 -0.00350152
  0.00995307  0.01315601 -0.00704571 -0.0119595   0.0088871  -0.00074557
 -0.01131939  0.00857261  0.000525   -0.00897698  0.00537683  0.0088049
 -0.0169276  -0.00600812 -0.00115692 -0.00281737  0.01401269 -0.00679733
  0.00503956 -0.01134121 -0.00885103 -0.00129327 -0.00718565 -0.00206593
 -0.01546764 -0.00898764  0.00636085 -0.00925404 -0.00851095 -0.00612879
  0.01172252 -0.00287567  0.00656377 -0.00051116 -0.01041046  0.00775426
  0.00039555 -0.00245179  0.00189765  0.00090601 -0.01695909  0.01486627
  0.0100171   0.00930421]"
Qu√© rico est√° esto,ü§§,"['qu√©', 'rico', 'est√°', 'esto']","[ 0.00174494 -0.00362256 -0.00223901 -0.00217396 -0.00097013  0.00309604
  0.00559312  0.00893497  0.00182532  0.00408855 -0.00278753  0.00423227
  0.00054556 -0.00179547  0.0048843  -0.00029999 -0.00101832 -0.0057065
  0.00088363  0.0002394  -0.00120511 -0.00042168  0.01004939  0.01180129
 -0.00491544 -0.00084522 -0.00146269 -0.00315557  0.00162218 -0.00213195
 -0.00114609 -0.00012814  0.00110124  0.00178545 -0.0018114   0.00946756
  0.00541692 -0.0067633   0.00208554  0.00779088  0.01047231  0.00706162
  0.00614852 -0.00010688  0.00316074  0.00200841  0.00602266 -0.00077414
 -0.00378172 -0.0054878 ]"
Estoy contento,üòä,"['estoy', 'contento']","[-0.00992475 -0.00304988  0.00467228  0.00413098  0.00016875 -0.01400474
 -0.00149918  0.01820927 -0.01339852  0.00582958  0.00330667  0.0040208
 -0.00493464  0.00260988 -0.01242068 -0.00807576  0.0097082   0.00735668
 -0.00814167 -0.00312645  0.01125879  0.0089535   0.00959543 -0.00894508
  0.01566717 -0.01161967 -0.00398662  0.00723813 -0.0023433  -0.01307419
 -0.00586653  0.00541621  0.00078218  0.00212754 -0.00756054  0.00764829
  0.00159203  0.00064755  0.00932785 -0.01398429 -0.00923197 -0.00274622
 -0.00053038  0.00521632 -0.00597951  0.00062007 -0.00991292  0.00176467
  0.00579176 -0.00062366]"
Qu√© aburrido,üòí,"['qu√©', 'aburrido']","[ 0.01114757 -0.00443673  0.00438373 -0.00497659 -0.0041142   0.00109881
  0.01873767  0.01155017 -0.00059124  0.01175318 -0.0161691  -0.00315491
 -0.00153414  0.00149045  0.00747742  0.01140568  0.00577047 -0.00905409
  0.00759769  0.00337477 -0.00917096 -0.01650545  0.01208529  0.00540995
 -0.00265271 -0.01451985  0.00222007 -0.00163173  0.00686997 -0.00111514
 -0.01680732  0.00545938  0.00787083 -0.01507977  0.00613479  0.00038615
  0.00753083 -0.00486544 -0.00039883 -0.01190098  0.00825468  0.00029841
  0.00746906 -0.00144981 -0.00071479 -0.003418    0.0053322   0.00580679
 -0.01560643  0.0139811 ]"
Estoy inspirado,‚ú®,"['estoy', 'inspirado']","[ 0.00935524  0.00660028  0.00011304  0.00290814 -0.00207533 -0.00446843
  0.01310786  0.00220212 -0.0060704  -0.00480908  0.00718727  0.00057121
 -0.01127309  0.01099629 -0.00766544  0.00654957  0.00183328  0.01019481
 -0.0091457  -0.00431077 -0.00018727 -0.00398097  0.00657932 -0.00149094
  0.01637702  0.00111461 -0.00655417  0.01317544 -0.00700129 -0.0134133
 -0.00184393 -0.00294871  0.00012131  0.00127609  0.00490789  0.00665033
  0.00847844  0.00173607  0.00515533 -0.01169519 -0.00023818  0.0014274
 -0.01839784  0.00419942 -0.00522977  0.00817916 -0.01552555  0.01878836
 -0.00094177  0.01327749]"
Me siento valiente,ü¶∏‚Äç‚ôÇÔ∏è,"['me', 'siento', 'valiente']","[-0.00463781  0.00819622 -0.00074128  0.00108637  0.00417604 -0.00436845
  0.00879355 -0.00362434 -0.00039994  0.00661889 -0.00731155 -0.00408843
 -0.0110173  -0.00317333  0.00173015  0.00180146  0.00116404  0.00377901
 -0.00909527 -0.00358141  0.01189473  0.00811624  0.00467982 -0.01447383
  0.01163463  0.00319295 -0.00434807 -0.00230527 -0.00231346  0.00402207
  0.0081705   0.00554082  0.00758838  0.00097721  0.00452072  0.00916826
  0.01404559  0.00709071 -0.00203922  0.01303898  0.00122052 -0.00933337
 -0.00932182  0.00210076  0.00447941  0.00446179  0.00172451 -0.00054425
  0.00450437  0.0106899 ]"
Estoy enojado,üò°,"['estoy', 'enojado']","[-0.00479361 -0.00619098  0.00908027  0.00605793 -0.01647813 -0.00350378
  0.0031982   0.00376116 -0.00247026  0.00299064  0.01380838 -0.00150114
  0.00412797  0.00955638  0.00164929 -0.00269864  0.00497388  0.00720188
 -0.01810003 -0.00369296  0.0086947   0.01120444  0.00547606 -0.00192863
  0.00082691 -0.00625892 -0.00355662  0.00066326 -0.00662098  0.00412961
 -0.00242274 -0.00858864  0.00212184 -0.01032318  0.00156668 -0.01122008
  0.0142372  -0.00283018 -0.00285259  0.00443625 -0.00146273  0.00570182
 -0.00382627 -0.01366284 -0.00871026 -0.00316451  0.00160412  0.01274869
  0.01058574  0.00250803]"
Qu√© lindo es esto,ü•∞,"['qu√©', 'lindo', 'es', 'esto']","[-2.42588017e-03  1.14942295e-03 -1.06374675e-03 -5.54997567e-03
 -3.83383129e-04 -3.15262214e-03  1.07243685e-02  1.14581008e-02
 -1.82979973e-03 -5.50027238e-03 -5.75167360e-03 -4.59241914e-04
 -6.47791289e-03 -8.87044705e-03  2.21000798e-03 -3.16139241e-03
  8.02370487e-04 -1.01167411e-02 -1.95108959e-03  1.83378719e-03
 -3.80782131e-03 -9.52615286e-04  1.38726514e-02  1.27699077e-02
 -1.12957209e-02 -4.49186191e-03  2.19198735e-03 -3.22255539e-03
  8.67291540e-03  1.24476815e-03  1.98077643e-03 -1.47915457e-03
 -1.85933150e-03 -4.74669924e-03  9.29570524e-05  6.05617231e-03
  1.11304987e-02 -1.08909770e-03  6.97572250e-04 -1.13571947e-03
  1.09487092e-02 -5.55744627e-04  5.71333105e-04 -2.00339407e-03
  4.15976346e-03  3.14183370e-03  3.81553592e-03 -3.18169687e-03
 -8.22028518e-03  1.50199072e-03]"
Tengo sue√±o,üò¥,"['tengo', 'sue√±o']","[-0.0041652   0.00446547  0.00037147 -0.01675066 -0.01450419 -0.01193135
 -0.002484   -0.00612489 -0.00852218 -0.00594556  0.00787504  0.00585064
  0.00379474 -0.00673462 -0.00351358  0.00297822  0.01431446  0.00817781
 -0.01472511 -0.00194935 -0.0052173   0.00753984  0.0070392   0.00455132
 -0.00297987  0.0094044   0.01266872  0.00223736 -0.01088578 -0.00059883
  0.00491684 -0.01105215 -0.01034246 -0.00251216  0.00850498 -0.00877567
  0.00472261 -0.01123667 -0.00166657 -0.00642766 -0.00886535  0.00693713
  0.01432576 -0.00195679  0.0170412   0.0062902   0.01151397  0.00064833
  0.00609929 -0.00079263]"
Estoy de buen humor,üòÅ,"['estoy', 'de', 'buen', 'humor']","[ 4.4954261e-03  1.0756985e-02 -5.4283952e-04 -2.6119938e-03
  3.7698005e-03 -1.2076990e-03  2.7355116e-03  6.8048663e-03
 -9.6271001e-03 -1.0744950e-03  2.8543049e-03 -7.0300028e-03
 -2.8214925e-03  3.8861618e-03  3.8803539e-03 -8.0966791e-03
  3.7179803e-03  6.3956678e-03  6.2845647e-06 -1.5209572e-02
 -1.0188805e-03 -4.5406912e-03  5.0056716e-03 -2.1347024e-03
  8.2089687e-03 -4.9134968e-03  1.0499293e-02  4.4490616e-03
 -5.3252699e-03  4.5953444e-03 -2.8395155e-03 -4.5487052e-03
  7.9243258e-03 -7.1114246e-03 -1.0850071e-03 -3.5925950e-03
  4.5979512e-03  1.9848468e-03  7.5955489e-03 -7.1308040e-04
  1.8743798e-05  1.6391659e-03 -2.0487108e-03 -1.9402317e-03
  4.7744513e-03  8.0469688e-03 -3.4916422e-03 -1.2987298e-03
  3.7308414e-03  3.7786872e-03]"
Me siento agradecido,üôå,"['me', 'siento', 'agradecido']","[-8.3164647e-03  5.4418216e-03 -5.7044453e-03 -2.0494547e-03
  6.5568029e-03 -7.2527267e-03  5.1762830e-03  5.8179325e-03
 -6.4044259e-04 -7.9880160e-04 -1.1092565e-03 -2.1892588e-03
 -1.3146376e-03 -1.0538987e-03  4.0374268e-03  2.6000792e-03
  3.3825098e-03  1.4186603e-02 -5.9857205e-03 -5.4103849e-03
  9.1467611e-03 -5.4543216e-05  4.0097255e-03 -6.0647982e-03
  5.9689512e-03 -8.5680373e-04 -1.9091280e-03  7.0633944e-03
 -6.8215257e-03  1.5442043e-04  2.5395339e-03  3.0645642e-03
  6.1245165e-03  2.5027436e-03 -2.2430059e-03  1.3428498e-03
  1.4670268e-02  4.3067769e-03  2.7621903e-03  4.3848664e-03
  1.4889914e-03 -5.2789487e-03 -4.2284839e-03 -1.7358419e-03
  1.0954914e-02  8.3837649e-03  1.9497058e-03 -1.0790076e-02
 -2.1687554e-05  1.7653424e-03]"
Estoy distra√≠do,üòå,"['estoy', 'distra√≠do']","[-6.6183354e-03  3.4277970e-03  7.8896899e-04  1.7810231e-02
 -5.1727141e-03 -5.1372973e-03  5.5012433e-03 -1.4873315e-04
  3.5554636e-03 -5.6807329e-03  1.4781902e-02  2.1220599e-03
 -1.2780853e-02  5.9965313e-03 -2.1731737e-03 -4.3640966e-03
  1.2597235e-02 -3.9500203e-03 -1.5471019e-02 -5.7239230e-03
  3.8379089e-03 -1.7685513e-03  8.9565711e-03  6.0389112e-03
  9.1052428e-04 -7.7929762e-03 -8.1621800e-03  7.3597757e-03
 -1.2348104e-02  4.5746984e-03 -6.8389392e-03  9.2473370e-04
  6.2036822e-03 -5.0451607e-05 -3.0008638e-03 -1.0114501e-02
  7.7334698e-04 -5.7405937e-03  7.7053602e-03 -1.6706872e-03
 -1.4846039e-02 -1.7660884e-03 -1.8508919e-02 -4.3697795e-04
 -9.4402405e-03  2.9664105e-03 -6.0095098e-03  8.6925998e-03
 -4.9799751e-03  1.5162908e-02]"
Me siento curioso,üßê,"['me', 'siento', 'curioso']","[-0.01694596  0.00442723  0.00699551 -0.00064173  0.00708497 -0.0009688
 -0.00213907  0.00208292 -0.00390659  0.00649187  0.00424471 -0.00739439
 -0.0091167   0.00565214  0.00254557  0.01065496 -0.0023783   0.01518627
 -0.00531387 -0.00299557  0.00728937  0.00226637  0.00795709 -0.01424612
  0.00471515  0.00381775  0.00721713 -0.00092824 -0.00122352 -0.00658968
  0.00152166 -0.00132949 -0.00262082  0.00263409 -0.00018095  0.00162841
  0.01201096  0.00731691  0.00984571  0.00944347  0.00780873 -0.00724136
 -0.00919132  0.00415499  0.00319743  0.00826074 -0.00315563 -0.00884687
  0.00434762  0.00262286]"
Qu√© divertido,üòÇ,"['qu√©', 'divertido']","[ 1.75796635e-02 -1.93139575e-02 -6.70227362e-03  6.24228176e-03
  5.50255319e-03  2.96931854e-03  1.18107945e-02  1.56642646e-02
 -7.58144306e-03  1.54311536e-03 -1.35015622e-02 -5.36984997e-04
 -2.75838445e-03  4.63535683e-03  9.96378809e-03  5.78419631e-03
  1.02276197e-02  2.72943266e-03  1.65203251e-02  1.21961795e-02
  2.29494041e-03 -1.63398124e-02  1.72931398e-03  8.19582492e-04
  5.42095164e-03 -8.96554627e-03 -1.58958510e-02  5.12069557e-03
  1.34966290e-02 -6.92305807e-03 -3.03086825e-04  3.08326073e-03
  1.27028930e-03 -6.89980295e-03  1.37236458e-03 -5.55569306e-03
  2.84466124e-03 -4.17686440e-03  9.50244721e-03 -1.36382841e-02
 -1.03166164e-03 -7.08104204e-03  9.78895742e-03 -1.33026391e-03
 -6.98726950e-03  5.03591448e-03 -6.12865202e-04 -2.22710590e-03
 -4.34108078e-05  1.93193462e-03]"
Me siento solo,üòû,"['me', 'siento', 'solo']","[-0.0159505   0.00821083  0.00212677  0.00935377  0.00739616 -0.01021733
 -0.00022863  0.00173769 -0.00733637  0.00773395 -0.00415728 -0.01155999
 -0.00965737  0.00399013 -0.00308811  0.00297809 -0.00094112  0.01280624
 -0.00217967  0.00293234  0.00319548  0.00659087  0.00069692 -0.01403984
  0.00347969  0.00163155  0.00029389  0.00806509 -0.00295088 -0.00698578
  0.0024155  -0.00560018  0.00501303  0.00707948 -0.00512157  0.00868082
  0.01437259 -0.00389211 -0.00171001  0.01701025  0.01201193 -0.00770614
 -0.0081842   0.00520041  0.00700283  0.01409199 -0.00702283 -0.01216267
  0.00268478 -0.00106814]"
Qu√© verg√ºenza,üò≥,"['qu√©', 'verg√ºenza']","[-0.00021676 -0.01042259  0.00618401  0.01219593 -0.00597394  0.0056786
  0.00301932  0.00770457  0.00190143 -0.00219507 -0.00610106 -0.00567325
 -0.00421239 -0.00028538 -0.00172623  0.00564423  0.00557445 -0.01439838
  0.00498062  0.01102847 -0.01223148 -0.01465498  0.00500452  0.0145398
  0.00064374  0.00304792 -0.01478765  0.0064905   0.00037294 -0.00996174
 -0.01725716  0.00566566  0.00213972  0.00103894  0.00066596  0.00046221
  0.0059923  -0.01855556  0.00057792 -0.00951857 -0.0075127   0.00181593
  0.00468154 -0.01023345 -0.00454349 -0.00402253  0.0020811  -0.00115092
 -0.00176826  0.01160792]"
Estoy preparado,üèãÔ∏è‚Äç‚ôÄÔ∏è,"['estoy', 'preparado']","[-0.00864261 -0.0051179   0.01112442  0.00130968 -0.00066335 -0.01703632
  0.01001611  0.01225708 -0.00503911  0.00568418  0.01251337 -0.00135883
  0.00030035  0.01301862 -0.00191135  0.00761155  0.00152616 -0.00734743
 -0.01277778 -0.01100804  0.00013895  0.00354742  0.0148517  -0.00425545
  0.01150701  0.00093962 -0.00168375  0.00688451 -0.00186385 -0.010503
 -0.00365875  0.00797842  0.00602749 -0.01504519 -0.01154363 -0.01091308
  0.01198352 -0.00082662  0.00700727 -0.00620746 -0.00855288  0.00803451
 -0.01853597 -0.01377499  0.00466172 -0.00862126 -0.0108455   0.00520145
  0.01088855  0.00583239]"
Qu√© triste,üò¢,"['qu√©', 'triste']","[ 0.0149358  -0.01111192  0.00774279 -0.00602029 -0.00896166  0.00167949
  0.00508392  0.01152776 -0.00461491 -0.00070583 -0.00010167 -0.00063892
  0.0039925  -0.00992529  0.00742579  0.01031459  0.01012903 -0.00853441
  0.01023104 -0.00172844 -0.0063843  -0.01129266  0.01285904  0.00302104
 -0.00732675 -0.0023681  -0.00760737 -0.00609356  0.0119556   0.00030221
 -0.01333716  0.00460958  0.01405645  0.00121183  0.00752945  0.00265091
  0.00242131 -0.01174305 -0.00377383 -0.00504278 -0.00037224 -0.0021869
 -0.00398584 -0.00037216 -0.00919909 -0.0045158   0.00257428 -0.00402665
 -0.01713633  0.00525227]"
Estoy concentrado,üß†,"['estoy', 'concentrado']","[ 0.00935644 -0.00804043  0.00339506  0.01526546 -0.01853422 -0.00285593
 -0.00045662  0.00211586 -0.00279536 -0.0021272   0.0046188   0.00622154
 -0.01153912  0.00707729  0.00381277  0.00022601 -0.00398757  0.00457776
 -0.01333644 -0.00893208  0.01026712  0.0127058   0.01430376 -0.00412595
  0.01592827 -0.00889904  0.00664062 -0.00217229 -0.01541287 -0.00497268
 -0.01570405 -0.00440619  0.00902669 -0.00743343 -0.01230204 -0.00840897
  0.00069781 -0.00633455  0.0051578  -0.00483579  0.00043639  0.00110037
 -0.00059528  0.00172619  0.00834001 -0.00011153 -0.00810209  0.01140652
 -0.00495246  0.01832349]"
Qu√© emoci√≥n,ü§©,"['qu√©', 'emoci√≥n']","[-0.00037374 -0.00936447  0.00582267  0.01303717 -0.00377244  0.01016155
  0.01538065  0.00454417  0.00119443 -0.00168469 -0.00780251  0.00771869
 -0.00011233 -0.01479085 -0.00162181  0.00835841  0.00934825 -0.01040921
  0.0132098   0.0100809  -0.01147889  0.00111951 -0.00216705  0.00347021
  0.00898102 -0.00557149 -0.01266261 -0.00137325  0.0010089  -0.01034933
 -0.01717963  0.00857871 -0.00413861 -0.00245142 -0.00434688  0.00338063
 -0.00433259 -0.01549346  0.00898412 -0.01338335  0.00249145 -0.0037286
 -0.00441612 -0.01548619  0.00413003 -0.00175513  0.00992439 -0.01212212
 -0.00760058  0.00258779]"
Estoy descansando,üõå,"['estoy', 'descansando']","[-8.37184768e-03 -8.13612435e-03  6.26183581e-03  8.22809525e-03
 -1.88142210e-02 -4.07065824e-03  8.78543407e-03  1.34053677e-02
 -6.68699387e-04 -6.19972590e-04 -2.41245842e-03  4.09091497e-03
 -2.63378490e-04 -1.13707269e-03 -7.04014022e-03 -1.44467084e-03
  2.21465039e-03  6.55241311e-05 -1.38433604e-02 -9.49511584e-03
  1.18338205e-02  4.43441607e-03  7.72234611e-03  2.85913888e-03
  2.43583322e-03 -1.12768076e-02  8.19624029e-03 -3.97889409e-03
 -1.00645423e-02 -5.13401954e-03 -1.52245518e-02  8.37517437e-04
  1.74887050e-02 -8.94225203e-03  5.76642528e-03 -1.60459382e-03
  2.33859522e-03 -7.92225171e-03 -7.49802159e-04  1.50358258e-03
 -2.39559729e-03  1.11901220e-02 -1.46557158e-02 -1.13445753e-02
  6.16474496e-03  2.25913431e-03 -2.33426178e-03  9.97657888e-03
  1.28477998e-02  3.95950861e-04]"
Estoy preocupado,üòü,"['estoy', 'preocupado']","[-6.3566968e-04  1.0754224e-03 -1.9573560e-03  1.1032249e-02
 -1.0703272e-02 -4.3757437e-03  1.1402028e-02  7.6250937e-03
 -7.8929272e-03  3.8547781e-03  1.2455316e-02  5.0337096e-03
 -2.6873313e-06  1.5278500e-02  2.5449316e-03 -2.8713371e-03
  1.1627753e-02  5.6732218e-03 -2.8705462e-03 -1.0926081e-02
  5.3803222e-03  6.8613421e-04 -1.5480677e-03  3.7964559e-03
  1.5306139e-02  5.4865307e-03 -2.9142676e-03  1.1894514e-02
 -3.8326746e-03 -8.1611546e-03 -5.5554719e-03 -6.3765072e-03
  1.7755616e-02 -2.0185956e-03  8.4299431e-04  2.2024217e-03
  1.6795672e-02  1.3284599e-03 -8.7186554e-04 -1.1834964e-02
 -1.1062259e-03  1.2202859e-02 -6.9010388e-03 -5.7189530e-03
 -5.7942774e-03 -4.7358680e-03  9.7478554e-04  6.3768723e-03
 -1.3711089e-03  1.9181795e-02]"
Tengo miedo,üò±,"['tengo', 'miedo']","[-0.00805857  0.00690353 -0.01484261 -0.01044406 -0.01402824 -0.01091671
 -0.0098455  -0.01210941 -0.01103394 -0.00501637 -0.0007958   0.00237147
 -0.00112799 -0.00375554  0.00218017  0.01643503  0.01530739  0.00975503
 -0.00635964 -0.00017838  0.01005503  0.00782577  0.01200201  0.00832117
  0.0047914   0.01701587 -0.00030179 -0.00295636 -0.0015181   0.00646418
  0.00858149 -0.00294399 -0.00055015 -0.00539316  0.00781512 -0.00984004
 -0.01377244  0.00178382  0.00963049 -0.00263802 -0.00696591  0.00147005
  0.01402     0.00031741  0.00534873 -0.00195053  0.00231169  0.00014998
  0.01431028 -0.00984203]"
Me siento feliz,üòä,"['me', 'siento', 'feliz']","[-5.73789654e-03  2.42370809e-03 -4.86521349e-05  5.04905963e-03
  1.05384095e-02 -6.43588044e-03  7.92418513e-03 -4.69477469e-04
 -6.52827322e-03  1.02469162e-03  2.63676536e-03 -4.50528972e-03
 -6.94118626e-03  5.95147954e-03 -2.13565212e-03  5.93683263e-03
  1.00328317e-02  1.32930437e-02 -3.41858529e-03 -4.89659375e-03
  6.07863674e-03  1.04713289e-03  1.11031085e-02 -1.19216917e-02
  8.48349277e-03  3.91084468e-03  4.20483761e-04 -9.16065939e-04
 -2.86698132e-03 -2.58542388e-03  1.04320208e-02  4.94981045e-03
  2.77613220e-03  2.74995877e-03 -5.32008708e-03  4.30965004e-03
  4.06527938e-03 -4.97399317e-03  2.67058000e-04  4.72784601e-03
  1.12986369e-02 -8.42733681e-03  1.83404295e-03 -4.84992703e-03
  6.80121267e-03  1.51717998e-02 -7.15779327e-03 -1.24738934e-02
 -1.24223589e-03  3.68546019e-03]"
Estoy trabajando,üñ•Ô∏è,"['estoy', 'trabajando']","[ 6.1452030e-03 -6.6284556e-03  6.0748672e-03  2.9679439e-03
 -7.6413159e-03 -1.1465421e-02  3.1056532e-03  1.1149437e-02
  3.5418533e-03  2.8633410e-03 -2.2733002e-03 -7.2899931e-03
  3.3591944e-03  8.5975220e-03 -9.1795437e-03 -1.2045924e-03
  1.2379960e-02 -5.5207056e-05 -1.7725285e-02 -7.9254070e-03
  1.3654637e-02  1.1394881e-02  1.1046006e-02 -4.8702704e-03
  6.0445280e-03 -3.4689452e-03  3.6003399e-03 -2.2319537e-03
 -1.5618611e-02 -3.5892124e-03 -1.6171027e-02  4.8877932e-03
  9.1257244e-03  2.5284435e-03 -7.6844902e-03 -2.3844305e-03
  1.5875299e-02 -1.0000453e-02 -5.0527272e-03 -3.1676288e-03
 -6.8475534e-03  2.4125713e-03 -2.1923818e-03 -1.2028746e-02
  3.4867593e-03  2.6948977e-04  1.0647085e-03  1.5494056e-02
  1.1793199e-02  1.7102160e-02]"
Qu√© delicioso,üòã,"['qu√©', 'delicioso']","[ 1.58478059e-02 -1.62077043e-03 -5.63311344e-03 -4.52248892e-03
  7.14548258e-03  4.52306401e-03  4.98957187e-03  1.37263117e-02
  4.66127787e-03  1.14614749e-02 -9.74254217e-03  1.18150283e-02
  3.83774051e-03  1.92646403e-03  1.25939613e-02 -3.91931273e-04
  8.75739753e-03 -7.34316697e-03  1.37320496e-02  1.63524039e-02
  1.50910206e-03 -4.66103526e-03  1.20838247e-02  1.23783667e-02
 -6.62709645e-04 -1.50573011e-02 -9.28407349e-03  6.57040579e-03
  2.37533823e-05 -2.59835133e-03 -4.54472424e-03 -3.11067561e-03
  1.30883455e-02 -5.03822137e-03  3.61125427e-03  6.25339802e-03
  1.48731237e-03 -9.01630428e-03 -6.78443071e-03  5.12628164e-03
 -8.71131569e-03  6.95457961e-03  7.31697213e-03 -7.89206102e-03
 -1.05044357e-02  1.20487511e-02  3.96476313e-03  2.89037451e-03
 -1.25351679e-02 -3.61979473e-04]"
Estoy aburrido,üòë,"['estoy', 'aburrido']","[ 0.00278866  0.00529392  0.00968756  0.00054496 -0.01248676 -0.01441104
  0.01620206  0.01396606 -0.00492839  0.00024976 -0.00024912 -0.00794483
 -0.0014457   0.01314786 -0.00096903  0.00421895  0.00087872 -0.002307
 -0.00809921 -0.01271604  0.00189078 -0.00266887  0.0134572  -0.00032227
  0.00451723 -0.0112173   0.00835193  0.00667848 -0.00582197 -0.00136914
 -0.01494711  0.00070026  0.01251755 -0.01599667  0.00261531  0.00053139
  0.01561338 -0.00090254 -0.00306262 -0.01192078 -0.00242759  0.00688859
 -0.0034552   0.00202114  0.00199028 -0.00634561 -0.00767849  0.01778265
 -0.0011254   0.01871696]"
Me siento culpable,üòî,"['me', 'siento', 'culpable']","[-1.1051204e-02  4.1323405e-05 -3.7507100e-03 -1.9136978e-03
  1.4223109e-02 -6.8866373e-03  3.2257650e-03  2.9326230e-03
 -5.6608133e-03 -2.8647173e-03  6.1204768e-04 -9.4615417e-03
 -6.1315172e-03  6.0309353e-03  5.2251713e-04  1.0580833e-02
  6.8986434e-03  6.4309617e-03 -7.8943530e-03  6.9462280e-03
  6.6883937e-03  2.2660261e-03  5.3997212e-03 -1.6004818e-02
  9.8269628e-03  2.3360427e-04  4.4571068e-03 -6.3657324e-04
 -3.5274271e-03  1.3339580e-03  1.2720075e-03 -2.7010457e-03
 -2.5942193e-03  1.8180469e-03  9.3205366e-05  4.7732960e-03
  9.3932776e-03  8.8266307e-04  5.6911595e-03  1.0066104e-02
  1.0376868e-02 -6.5421215e-03 -7.0942440e-03 -3.5860268e-03
 -1.9595057e-03  3.2874446e-03 -5.6066102e-04 -3.1574008e-03
 -2.2109600e-03 -9.8647363e-04]"
Me siento mal,ü§¢,"['me', 'siento', 'mal']","[-0.01245407  0.00187806  0.00697584 -0.00180751  0.01366025 -0.00357452
  0.00289398  0.0055326   0.00223339 -0.00160234 -0.00531476 -0.00999288
 -0.01171427 -0.00231469 -0.00257702  0.00092576  0.00444251  0.01079329
 -0.00013729 -0.00071841  0.00231844  0.00340941  0.00507052 -0.00731362
  0.00758495  0.00712584 -0.00386634  0.00802929 -0.00426588  0.00454629
  0.00095494  0.00017728  0.00391604  0.00080544 -0.00465596 -0.00299573
  0.00383118 -0.00448203  0.00548344  0.01100842  0.00523275  0.00017074
 -0.00534414 -0.00092173 -0.00143658  0.0020764   0.00398711 -0.00965853
 -0.0026092   0.00893095]"
Estoy disfrutando,üéâ,"['estoy', 'disfrutando']","[ 2.17133528e-03 -5.14588039e-03  1.16891805e-02  1.34936254e-02
 -1.63573883e-02 -7.49745639e-03  7.35512050e-03  1.47068193e-02
 -6.81688217e-03 -6.66975137e-03  9.15543828e-03 -8.03003553e-04
 -3.32926493e-03  3.97893414e-03 -1.09046847e-02  5.52391540e-03
  1.04522277e-02  9.33448784e-03 -1.69052258e-02 -6.88525662e-03
  3.84772080e-03  1.47400908e-02  9.82542802e-03  5.40918205e-03
  8.79372843e-03  3.19595309e-03 -6.72892993e-03  1.37047488e-02
 -1.00025339e-02 -8.42269510e-03 -9.62210819e-03  8.79499409e-03
  2.68439483e-03 -9.62136034e-03  4.66051232e-03 -1.95776462e-03
  1.82049675e-03 -1.23403613e-02  8.90949089e-03  1.67173520e-03
 -4.75021498e-03  1.72500825e-03 -1.79220550e-02 -5.73077938e-04
  7.23855523e-03 -5.85088367e-03 -1.55372033e-02  6.54160790e-03
  4.12473455e-05  6.96356595e-03]"
Me siento optimista,üåà,"['me', 'siento', 'optimista']","[-9.6912934e-03  3.5793583e-03  3.4027798e-03  8.4583350e-03
  1.6609913e-02 -7.6743495e-03  3.0191739e-03  3.8461892e-03
 -9.9844774e-03  1.6178942e-03 -5.7446547e-03 -2.2955032e-03
 -1.2420989e-02  1.8825472e-03  7.1628368e-03  5.1115872e-03
 -1.9594904e-03  3.3374932e-03 -2.2542903e-03 -2.5156899e-03
  9.5777586e-03  1.7808449e-03  1.0034704e-02 -1.3058062e-02
  3.3217771e-03 -1.5036411e-03  2.1586081e-03 -7.8434712e-04
  1.3802039e-03 -3.6177766e-03  2.2858267e-03 -3.9001775e-04
 -2.6653521e-05 -4.6909638e-03 -4.7455751e-03  1.9278200e-03
  8.9679016e-03  3.2412254e-03  8.7970728e-03  1.5179618e-02
  1.0331400e-02 -4.3552839e-03 -7.5845295e-03  5.9631146e-03
  4.0525990e-03  1.1838797e-02 -2.9239897e-03 -1.9399961e-03
  5.1722745e-03  6.0298416e-04]"
Estoy curioso,ü§®,"['estoy', 'curioso']","[-0.00919381 -0.00125325  0.01457921  0.00143607 -0.01466022  0.00213148
 -0.00244241  0.01278412 -0.00443824  0.0027869   0.01572448 -0.00451106
 -0.00851077  0.01552154 -0.00283893  0.00445222 -0.00658741  0.0106364
 -0.00966201 -0.01558106  0.01041398  0.00466779  0.01165312 -0.00151521
  0.00227751 -0.00113614  0.00736828  0.00081625 -0.00492867 -0.01184421
 -0.01433592 -0.00140399  0.00077927 -0.00464934 -0.00074102 -0.00421203
  0.01312267  0.00379474  0.00841387 -0.006638   -0.0074544   0.00098373
 -0.01688493  0.00192387 -0.00185548 -0.00087097 -0.00944667  0.00496464
  0.00903527  0.00501096]"
Qu√© bueno que es,üòÅ,"['qu√©', 'bueno', 'que', 'es']","[-0.00537771 -0.00303118 -0.0031078  -0.00870288 -0.00088347  0.00804798
  0.00732643  0.0044448  -0.00956658  0.00773876 -0.01419227 -0.00103878
 -0.00780577 -0.01052249 -0.00377786 -0.00466953 -0.00169197 -0.00626519
  0.00755275  0.00038801 -0.00403436 -0.00962311  0.0143537   0.00695825
 -0.00239501 -0.0073423  -0.00078515 -0.00677108 -0.00232172 -0.00140807
 -0.00011324  0.00352141  0.00211391 -0.01125554  0.0017857   0.00329626
 -0.00257776 -0.00181127  0.00018295 -0.00646519  0.00746674 -0.00957731
 -0.00608044  0.00146217 -0.00166376 -0.00455413  0.00270601 -0.00235452
 -0.00762452 -0.00153085]"
Estoy relajado,üòå,"['estoy', 'relajado']","[ 0.00206521  0.00832029  0.00370344  0.01705614 -0.00558054 -0.01522107
  0.00258349  0.00648841 -0.00021827 -0.00474188  0.00458258  0.00617235
  0.00480299  0.00500143 -0.01008888 -0.00650823 -0.00197979 -0.00856858
 -0.00693146 -0.01375267  0.0099384   0.01073098  0.00287409 -0.0088266
  0.00794962 -0.01010129  0.00150361  0.00202728 -0.00052557 -0.00319511
 -0.0040037  -0.00368331  0.00782968  0.00020387 -0.00094029 -0.00775558
  0.00027545 -0.00471256  0.00641631  0.00080496 -0.01849651  0.01357721
 -0.00460154  0.00312323  0.00982681 -0.00751071 -0.01670788  0.01533097
  0.01437006  0.01278502]"
Me siento orgulloso,üèÜ,"['me', 'siento', 'orgulloso']","[-1.0714010e-02  9.7200386e-03  4.5882440e-03  4.2719739e-03
  1.2242723e-02 -1.1515208e-02 -2.4058430e-03 -3.7663272e-03
 -7.9376185e-03  2.4499728e-03 -3.9462326e-03 -5.7326672e-03
 -1.3680417e-03  6.2036025e-03  6.4090937e-03  8.0795903e-03
  2.1127912e-03  1.0407303e-02 -6.2031341e-03 -4.9234927e-03
  9.8794410e-03 -3.1964369e-03  7.3273373e-03 -1.5361503e-02
  3.7726357e-03  1.6054005e-03 -2.7280764e-03  8.1234490e-03
 -7.5844801e-03 -7.2410107e-03  9.8838471e-03  1.9563041e-03
  6.3736117e-03  2.3985410e-03 -3.7309260e-03 -2.4445108e-04
  9.8524317e-03  6.3864738e-03  4.4805402e-04  9.1099069e-03
  7.6588686e-03 -8.8777080e-05 -7.9705855e-03 -3.0525939e-03
  2.7282524e-03  9.5847389e-03  1.6080575e-03 -2.1132985e-03
 -4.1645537e-03  1.0314521e-02]"
Me siento peque√±o,üê£,"['me', 'siento', 'peque√±o']","[-1.2824737e-02  3.5035461e-03 -5.2363612e-03  5.3823180e-04
  1.6947689e-02 -5.1121064e-03 -1.5333528e-03  1.4085268e-03
 -9.0551386e-03 -3.9766771e-03  1.2778187e-03 -4.1209236e-03
 -5.6186072e-03  5.6108832e-03  5.3307819e-03  3.1100933e-03
  5.7489541e-03  1.0486356e-02 -2.8190913e-03  6.5995748e-03
  6.6922576e-04  1.0364311e-03  5.4631247e-03 -8.4677497e-03
  7.0304661e-03  7.5875693e-03 -1.4565553e-03 -3.6186182e-03
 -7.6914825e-03 -4.0246067e-03  1.2430687e-02 -4.4404552e-03
 -1.1147000e-05  6.2302626e-03 -6.2165144e-03  4.5089759e-03
  1.2492483e-02 -4.2050891e-03  4.0482809e-03  9.1177924e-03
  1.0133679e-02 -7.6114847e-03 -8.1112878e-03  6.5631564e-03
  1.4052171e-03  1.3765843e-02 -7.6117464e-03 -1.1367254e-03
 -6.2388909e-04  2.5174519e-04]"
Estoy triste pero fuerte,üí™üòî,"['estoy', 'triste', 'pero', 'fuerte']","[ 0.00717565 -0.0028441   0.00481828 -0.00232777 -0.01167097 -0.01194321
 -0.00123434  0.00651464 -0.00123822 -0.00586084  0.00736965 -0.00153149
  0.00058454 -0.00183553  0.00639196  0.00085907  0.00149272 -0.00282462
 -0.00667556 -0.00407548  0.0049936  -0.0037199   0.01045346 -0.00693268
 -0.00438761  0.00197027 -0.00238418 -0.00447541  0.00691187 -0.00237445
 -0.00984438  0.00680188  0.00199849 -0.00489417  0.00656067 -0.00355036
  0.00551201 -0.00317617 -0.01177762  0.00236926 -0.00465477 -0.00117352
 -0.01031081 -0.0040375   0.00310434  0.00298267 -0.00656457  0.00429649
 -0.00509635  0.00581849]"
Qu√© elegante,üëó,"['qu√©', 'elegante']","[ 1.25474725e-02 -1.85964070e-02 -9.43996292e-03  4.47004009e-03
 -9.51524824e-03  1.39766419e-03  1.38093326e-02  1.45491250e-02
 -8.12126137e-03  1.57463048e-02  8.66401009e-04  7.85163976e-03
 -9.01779626e-03  4.62605851e-03 -4.19967994e-03  1.49689405e-03
  9.69059672e-03 -1.33404732e-02 -2.48320028e-03  9.43322852e-03
  4.52703377e-03 -1.38302874e-02  1.25874812e-03  1.04096411e-02
 -6.92057074e-05 -1.52500439e-02 -5.63755631e-04 -5.65150334e-03
  8.68339650e-03 -4.54146415e-04 -5.43424860e-04  1.25591774e-02
  1.22057060e-02 -1.48003194e-02  2.38774740e-03 -3.01142130e-03
  9.10048606e-04 -9.86339524e-04  7.40252808e-03 -1.36624817e-02
  1.09702833e-02 -2.49431934e-03  2.66831857e-03 -2.87475204e-03
 -8.84201564e-03  2.30476679e-03  6.71425648e-03  4.58974205e-03
 -5.22693433e-03  2.60376325e-03]"
Estoy cansado de esperar,üï∞Ô∏è,"['estoy', 'cansado', 'de', 'esperar']","[-4.5856638e-03 -4.7293925e-03 -7.4322755e-04  4.5143859e-04
  1.1663418e-05 -4.5683649e-03 -2.7241121e-04  6.3040047e-03
 -5.5082338e-03  1.0558772e-03  5.7269316e-03 -9.7394586e-03
  9.4754621e-03 -1.6646367e-04 -4.2786873e-03 -5.3060539e-03
  2.0646423e-03  6.7521227e-03 -1.5151425e-02 -1.0910651e-02
 -1.8470815e-03  1.1495482e-03 -3.7404936e-04  1.0024675e-03
  1.2524574e-02 -9.4836345e-03  4.1416823e-03  7.4492022e-03
 -1.0218055e-02  5.3759436e-03  6.8580909e-03 -3.4596417e-03
 -6.0923034e-03 -6.9542471e-03 -1.0880491e-02 -7.7235857e-03
  1.0445708e-02 -6.8992591e-03 -1.7990542e-03  1.5619793e-03
 -7.1735829e-03  4.1425894e-03 -2.0358111e-03  4.2392882e-03
  9.9889073e-04 -5.2251550e-04  4.3799181e-04  4.1347137e-03
  3.2210397e-03  4.9212184e-03]"
Estoy tomando un descanso,üçµ,"['estoy', 'tomando', 'un', 'descanso']","[ 0.00302598 -0.00012656  0.00239024  0.00600459 -0.00319494 -0.00215737
 -0.00116889  0.00412358 -0.00687579 -0.00710701  0.00921923  0.00962369
 -0.0040188   0.0123184  -0.00475383  0.0076284  -0.00436236  0.0096338
 -0.0029463  -0.00215673  0.00845935 -0.00035961  0.00569325 -0.00153356
  0.00206514 -0.01431965 -0.00257698  0.00224854  0.00934771  0.00166052
 -0.01042889 -0.00797681 -0.00257508 -0.00865599 -0.00148501  0.00606121
 -0.00685022 -0.00258679  0.00263415 -0.00368678 -0.00354814 -0.0016724
  0.0042215   0.00075067  0.0022182   0.00190338 -0.00795057 -0.00097037
 -0.00666414  0.00888654]"
Me siento atrapado,üï≥Ô∏è,"['me', 'siento', 'atrapado']","[-6.5091178e-03  5.2558496e-03 -4.6276725e-03  1.0317386e-02
  4.9526789e-03 -3.4688630e-03  8.1451824e-03  1.7759344e-04
 -1.0142689e-02  6.1733127e-03 -6.5336921e-03 -8.8333897e-03
 -4.1941181e-05 -5.8089253e-03 -3.9271791e-03  3.2259075e-03
  6.2304777e-03  1.0059138e-02 -8.1154853e-03 -1.1381848e-03
  1.1007396e-02  9.0849176e-03  1.1409695e-02 -1.2026813e-02
  1.0165063e-02  3.2166208e-03  2.7661268e-03  5.6274547e-03
 -1.5325611e-03 -1.0646939e-03  3.9427169e-03 -5.3702518e-03
  8.5483799e-03 -3.1980083e-03  6.0858577e-04  2.5487179e-03
  6.2420196e-03 -2.4706600e-03  6.3631725e-03  6.7954171e-03
  1.4277637e-03 -6.3306070e-03 -5.8463681e-04  3.9948043e-03
  3.5167327e-03  1.3566338e-02 -7.0351460e-03 -8.9729941e-03
 -3.5987257e-03  1.4331350e-03]"
Estoy emocionado por esto,üéä,"['estoy', 'emocionado', 'por', 'esto']","[-3.0212337e-03  6.8019563e-04  6.3279495e-03  5.3644688e-03
 -4.9601188e-03 -5.5240346e-03  1.0701468e-02  4.4659236e-03
 -7.1248272e-05 -1.3027357e-02  9.2176311e-03 -1.1404336e-03
  9.0449126e-03 -4.6764989e-03 -1.1285627e-03 -9.3070616e-04
  3.9795544e-03  2.0379182e-03 -1.6769532e-02 -4.6753967e-03
  1.1597977e-03  5.1521193e-03  1.5370455e-02  1.1670323e-02
 -5.8458587e-03  6.8897707e-04 -5.5229091e-03  2.6002158e-03
 -7.4616056e-03 -7.7124161e-04 -2.0669040e-04 -9.3629239e-03
  7.3859198e-03 -9.0388888e-03  3.2880120e-03 -1.4844304e-04
  6.5306807e-03 -4.9884170e-03 -6.7938222e-03  6.1368058e-03
 -9.8333985e-04  1.0092189e-02 -3.7854125e-03 -5.8252192e-03
  1.3690827e-02  8.0483817e-03 -1.9824803e-03  2.7119154e-03
  5.3756088e-03 -2.6454220e-03]"
Me siento desconectado,üåê,"['me', 'siento', 'desconectado']","[-1.3381858e-02  7.9600111e-04  5.0064782e-03  1.0655408e-02
  1.6163932e-02 -1.2862450e-02  7.2011552e-03  2.9347967e-03
 -5.8653456e-04 -3.4965032e-03 -1.2935359e-03 -1.0034726e-02
 -1.2398557e-02  1.3814418e-03  7.7761966e-03  1.0827458e-02
 -7.8495126e-04  1.0349650e-02 -7.0164562e-03  7.6610302e-03
 -5.8141415e-04  9.0557458e-03  4.5507090e-04 -1.7394053e-02
  8.5514681e-03  1.8464336e-03 -4.0305392e-03  1.9975386e-03
 -3.2330274e-03 -5.4463060e-03  9.8627992e-03  1.0965345e-03
  8.8181840e-03  5.7136263e-03 -5.6701344e-03  6.3620624e-03
  1.2473534e-02  4.6649049e-03  7.6871198e-03  7.5067990e-03
  9.3051521e-03 -3.6958635e-03 -3.6569734e-03 -4.3401397e-03
  5.5107423e-03  1.2215466e-02 -8.1171524e-03 -8.0101810e-05
  3.6266902e-03  5.4399888e-03]"
Estoy esperando algo,‚è∞,"['estoy', 'esperando', 'algo']","[-0.00171924 -0.0061637   0.01053389  0.0088177  -0.00593933  0.00163314
  0.00185496  0.00572527  0.00354265  0.00082575  0.0042839  -0.00147983
 -0.01321678  0.00631075 -0.01056919  0.00211934 -0.00534554  0.0001118
 -0.01240323 -0.01104649  0.01240938  0.00738527  0.00989026  0.00468793
  0.00835028  0.00250412  0.00970712 -0.00373201 -0.0059716  -0.00596242
  0.00106976 -0.00144983  0.00768897 -0.00434702 -0.00494363  0.00837092
  0.00923983 -0.0076575  -0.0084067  -0.01537917 -0.00827721  0.00020809
 -0.00591778  0.00722211 -0.00098665  0.00732327 -0.01629928  0.00502046
  0.0140237   0.00714157]"
Qu√© misterioso,üïµÔ∏è,"['qu√©', 'misterioso']","[ 0.00760932 -0.00531309  0.00190015  0.01345436 -0.00029906  0.00286768
  0.00787662  0.00860926 -0.00414022 -0.00020734 -0.01410877 -0.00361278
  0.00174032 -0.00111515  0.01174118  0.01190525  0.00162805 -0.00299166
  0.01586056  0.00816664 -0.00058564 -0.00290642 -0.00327822  0.0156281
  0.00605887  0.00179664 -0.01534508  0.00367509  0.01172933 -0.00495999
 -0.01571475  0.00914566 -0.00195968 -0.01184187  0.00469572  0.00603105
  0.00872368 -0.01431599 -0.00655063  0.00487451  0.00744163 -0.00556334
 -0.00618999 -0.01255029 -0.00658088 -0.00055735  0.00616181 -0.00275853
 -0.01261684 -0.00145522]"
Estoy agradecido por todo,üôè,"['estoy', 'agradecido', 'por', 'todo']","[ 5.25857322e-03 -1.88736035e-03  6.70179725e-03  1.68125401e-03
 -1.31965280e-02 -6.10142574e-03  4.39655920e-03  8.27287324e-04
 -3.81420064e-03 -1.12213362e-02  1.04844654e-02 -1.82231073e-03
  7.44965160e-03 -9.71681555e-04 -1.56122376e-04 -2.99579161e-03
  6.38448214e-03  1.03361495e-02 -1.13076409e-02 -9.78617929e-03
  4.99996170e-03  6.63075969e-03  5.39219659e-03  9.94361192e-03
  3.22919665e-03  3.53527907e-03 -9.02749877e-03  1.25125078e-02
 -2.77422671e-03 -3.66336713e-03 -6.73188549e-03 -4.59093321e-03
  1.12029864e-02 -8.64085555e-03 -5.80324838e-03 -1.07347975e-02
  1.01691633e-02  5.28296689e-03 -6.74154703e-03 -8.05178750e-03
 -2.32486776e-03  4.05760808e-03 -6.14826567e-03 -7.05972174e-03
  1.11954827e-02 -1.81780756e-03  1.40782120e-03 -9.46002081e-04
  3.13199591e-03  5.74137084e-05]"
Me siento curioso sobre esto,ü§î,"['me', 'siento', 'curioso', 'sobre', 'esto']","[-1.4418738e-02  9.3901735e-03  4.9521839e-03 -2.2937636e-05
  5.6113508e-03 -6.1828657e-03  4.0299998e-04  5.1907734e-03
 -3.8520496e-03 -6.8516174e-04  5.3686933e-03 -4.6138442e-03
 -2.2850209e-03  1.7358502e-03  6.6336440e-03  2.9447663e-03
 -3.0111187e-04  8.8635264e-03 -3.7366122e-03  3.1203125e-03
  6.9840713e-03 -2.4193954e-03  1.1894608e-02 -7.5376569e-03
 -4.1409852e-03  6.7010196e-03  5.7997853e-03 -2.7622622e-03
 -1.1806661e-03 -1.3783182e-03  1.3138633e-05 -3.4180441e-04
 -4.3880586e-03  2.3491841e-03  1.9262828e-03  7.8318641e-04
  9.4552888e-03  5.5401912e-03  2.7398723e-03  7.2234273e-03
  8.8997465e-03  6.9428328e-04 -7.6899494e-05  1.3879024e-03
  1.2156137e-03  4.6992917e-03  1.3107895e-03 -8.8820215e-03
  5.2535534e-03 -3.2732158e-03]"
Me siento cansado de todo,üò©,"['me', 'siento', 'cansado', 'de', 'todo']","[-0.00516552  0.00265791 -0.00174893  0.00141488  0.0056261  -0.00795883
 -0.00395796 -0.00628834 -0.00921215 -0.00229052 -0.00081888 -0.00889785
  0.00352792  0.0010981   0.00096834  0.00350735  0.00599292  0.01106221
 -0.01071467  0.00042458 -0.0025873   0.00458223 -0.0009113  -0.00770801
  0.01166215 -0.00079697  0.00522566  0.0095287  -0.00260916 -0.00032167
  0.00503266 -0.0092108  -0.00257006 -0.00067563 -0.00764411 -0.00439698
  0.01219366  0.00054029 -0.00330952  0.00409253  0.00184379 -0.00378715
 -0.00184419  0.0008597   0.00509837  0.00415103  0.00513238 -0.0049585
 -0.00111026  0.00632917]"
Estoy emocionado por la noticia,üì∞,"['estoy', 'emocionado', 'por', 'la', 'noticia']","[ 0.00706973 -0.0086799   0.00525139  0.0044641  -0.00390687 -0.00375507
  0.00956977 -0.00323342 -0.00576982 -0.01003134  0.00236606 -0.0058877
  0.00497171 -0.00118623 -0.00817944  0.00155602  0.00078973  0.00710013
 -0.01288387 -0.00771944 -0.00254927  0.00466411  0.01134999  0.00232607
 -0.00597324  0.00111143 -0.00491193 -0.00062786 -0.01094534  0.00304539
 -0.00314288 -0.00085016  0.00755729 -0.0119753  -0.00332784 -0.00807141
 -0.00379163 -0.00450898 -0.00709189  0.00148666  0.00125037  0.00317645
 -0.00504837 -0.00056876  0.01514017  0.00109058 -0.00343923  0.00482864
  0.00772612 -0.00381004]"
Qu√© risa,üòÇ,"['qu√©', 'risa']","[ 0.01222568 -0.00929872 -0.00507724  0.00708484  0.00076045 -0.0011084
  0.01624199  0.01431278 -0.00849584  0.00687728 -0.00248471  0.0003621
 -0.00494922 -0.00926008  0.00964864  0.01238783  0.00984274 -0.01041503
  0.005566    0.00257365 -0.01342408 -0.00091112  0.00494099  0.00589557
  0.00632203 -0.01574723 -0.00078669 -0.01006681 -0.00024961  0.0014701
 -0.01291454  0.00033326 -0.00141283 -0.01041851 -0.00147525 -0.00613802
  0.00948541 -0.00045033  0.0022559  -0.00502394 -0.00448162  0.00631565
 -0.00268162 -0.00194497  0.00648288  0.00846585  0.00439322  0.00307729
 -0.0025665   0.00065913]"
Estoy disfrutando mucho,üçø,"['estoy', 'disfrutando', 'mucho']","[ 0.00586891  0.00055103  0.00119397  0.01107691 -0.01489437 -0.01112901
  0.005029    0.00956745 -0.0091909  -0.00863761  0.00449083  0.00418996
 -0.00724792  0.00778509 -0.00758793  0.00441849  0.01328651  0.00938323
 -0.0136601  -0.00211226  0.00492046  0.01405211  0.0066099   0.00065336
  0.00674164 -0.00148346 -0.00354463  0.01242616 -0.00323619  0.00050666
 -0.01142451  0.00226459  0.00610093 -0.00551945 -0.00130459 -0.00069712
  0.00300717 -0.00991757  0.00262001  0.00445243  0.00326488 -0.00377075
 -0.01201839 -0.00207835  0.00059941 -0.00481084 -0.01386243  0.01039104
 -0.00383355  0.00710511]"
Qu√© relajante,üåø,"['qu√©', 'relajante']","[ 0.00168921 -0.00486444 -0.00927774  0.00854058  0.00542053  0.01445611
  0.00142674  0.00937355 -0.00621743  0.01668675 -0.01282288  0.00078696
  0.00060866 -0.00586483  0.00861966  0.00116857  0.01273901 -0.01550352
  0.01346568  0.00532801 -0.00926015 -0.00873783  0.0043317   0.00577939
 -0.00252126 -0.01598623 -0.01492163 -0.00930151 -0.00352749 -0.00814363
 -0.00023481  0.00200809 -0.00269952 -0.01240988  0.00478696 -0.00476385
 -0.00152546 -0.01416397  0.00859614 -0.01256902 -0.00634149  0.00592496
 -0.00469131 -0.00567613 -0.00225602  0.01237949  0.0095815  -0.00039535
 -0.00675173  0.00684597]"
Estoy completamente agotado,ü•±,"['estoy', 'completamente', 'agotado']","[-0.01056251 -0.00505661 -0.00883518 -0.0001448  -0.00520044 -0.00056275
  0.00371748  0.00143653  0.00557334 -0.00420631  0.00812792 -0.00490933
  0.00261315  0.00035655 -0.00897242  0.0045562  -0.00878484  0.00211796
 -0.00436538 -0.00839651  0.00788953  0.01053509  0.0096853   0.00080564
  0.00734635 -0.00074794 -0.00251921  0.00191132 -0.00825016 -0.00581997
 -0.0029131  -0.00719433  0.00592921  0.00210899  0.00236955 -0.00913774
  0.00671502 -0.01154357 -0.00447639 -0.01254223 -0.00686149  0.00900308
 -0.00873537  0.00836631 -0.00015618 -0.00353884 -0.01483023  0.01590661
  0.00061297  0.00916864]"
Me siento en paz,‚òÆÔ∏è,"['me', 'siento', 'en', 'paz']","[-5.5974773e-03  1.8088799e-03 -2.3542568e-03  1.0467214e-02
  4.4644605e-03 -6.2182555e-03  7.1057910e-03  2.5123800e-04
 -7.1426327e-03 -4.5433361e-03 -9.4717741e-04 -7.6575358e-03
 -5.0681329e-04  1.0664692e-03  6.3892859e-03  6.0210302e-03
  7.7876793e-03  6.2126443e-03 -8.6106472e-03  2.5589361e-03
  2.9245224e-03  4.1261758e-03 -5.2436190e-03 -1.0713214e-02
  4.9127247e-03  5.1750038e-03 -4.1083684e-03 -4.3852786e-03
 -3.2678929e-03  6.5952567e-03 -2.5023124e-04 -1.0524343e-03
  1.3024025e-03 -3.0724329e-03 -9.7222738e-03  8.5093817e-03
 -1.5452646e-03 -4.7205556e-03 -1.7316284e-03  3.1330029e-03
  3.6910509e-03  2.1582351e-03  2.7910504e-03  3.4415373e-03
  4.4159451e-04  7.6482999e-03  5.9604645e-07 -1.1413306e-02
  2.8691324e-04  7.7358102e-03]"
Estoy tan feliz que quiero bailar,üíÉ,"['estoy', 'tan', 'feliz', 'que', 'quiero', 'bailar']","[ 0.00489715  0.00146804  0.00225493  0.00448568  0.00028075 -0.00560118
  0.00401577  0.00847247 -0.00617841  0.00054442  0.00363084 -0.00076114
 -0.00075435  0.00709187  0.00265443 -0.00488882 -0.00029431 -0.00056514
  0.00314326 -0.01624476  0.0052921  -0.00371257  0.00562483  0.00124661
 -0.00536942 -0.00176269 -0.00218921  0.00296074 -0.00665167  0.00130552
  0.00310853  0.00168056  0.00236015 -0.00351151  0.00115391  0.00284827
 -0.00496821 -0.00178285 -0.00364866 -0.00873299 -0.0002318  -0.00868117
  0.00098862  0.00649668  0.00473067  0.00051488 -0.00382481  0.00033006
 -0.00066502  0.0015974 ]"
Qu√© miedo,üò®,"['qu√©', 'miedo']","[-1.65793579e-03  2.74069607e-05 -7.97081087e-03  8.20149668e-04
 -5.83668798e-03  3.36546078e-03  1.03737693e-03 -1.23888208e-03
 -5.31704770e-03  6.36034505e-03 -1.36141498e-02  9.27532837e-03
 -1.41239800e-02 -1.03483219e-02  1.29628647e-02  1.23843439e-02
  1.54354405e-02 -1.46753946e-03  7.89354462e-03  5.84604219e-04
  2.36858660e-03 -6.07887842e-03  1.32514481e-02  1.28903147e-02
  7.18368823e-03  1.93997752e-03 -1.70150194e-02 -9.25492961e-03
  6.43509766e-03  2.83355312e-03 -2.05009850e-03  9.33481194e-03
  1.25548141e-02 -1.16440412e-02  7.75799202e-03 -6.15204405e-03
 -9.01856180e-03 -7.70875253e-04  3.95813398e-03 -7.49931904e-03
 -1.31491618e-03 -5.82542364e-03  7.08748773e-03 -3.42737231e-03
 -5.27563272e-03 -4.63040406e-03  1.77008938e-03 -2.79878010e-03
 -3.41399899e-03  1.71154621e-03]"
Estoy trabajando mucho,üíª,"['estoy', 'trabajando', 'mucho']","[ 8.51815939e-03 -4.37350944e-04 -2.54890812e-03  4.05978737e-03
 -9.08366032e-03 -1.37743233e-02  2.19601858e-03  7.19585968e-03
 -2.28507654e-03 -2.28221784e-03 -3.12832673e-03 -1.34698115e-04
 -2.78894301e-03  1.08641498e-02 -6.43783621e-03 -6.71852977e-05
  1.45716695e-02  3.12343077e-03 -1.42068071e-02 -2.80569564e-03
  1.14584072e-02  1.18219703e-02  7.42361881e-03 -6.19961321e-03
  4.90884250e-03 -5.92672126e-03  3.34154605e-03  1.80168671e-03
 -6.98023848e-03  3.72898672e-03 -1.57904588e-02 -3.40208091e-04
  1.03951516e-02  2.58042035e-03 -9.53459088e-03 -9.81562072e-04
  1.23770339e-02 -8.35762825e-03 -6.68813800e-03  1.22619013e-03
  1.86665135e-03 -3.31237284e-03 -1.53193623e-03 -9.71546303e-03
 -1.90178351e-03 -7.30594154e-04 -2.79448740e-03  1.63593367e-02
  4.00108146e-03  1.38641708e-02]"
Qu√© mal olor,ü§¢,"['qu√©', 'mal', 'olor']","[ 3.35687841e-03 -1.33578256e-02  1.22577399e-02 -1.62090722e-03
  5.24141407e-03  1.34951025e-02  1.05560748e-02  7.17853755e-03
  1.83153432e-03 -1.05240510e-03 -1.21571617e-02 -8.72421265e-03
 -8.73169582e-03 -1.07926549e-02  5.13505703e-03 -4.24043555e-03
  1.48684101e-03 -7.20103458e-03  6.82246173e-03 -3.76377790e-03
 -4.87635378e-03 -1.35728566e-03  2.05815514e-03  1.48533089e-02
 -1.64117152e-03 -4.49373247e-03 -1.23504214e-02  1.86462828e-03
 -2.60330434e-03 -3.04663274e-03 -1.40833342e-02  2.68608029e-03
  7.30239786e-03 -9.40111373e-03 -5.94857754e-03 -6.61932537e-03
 -5.93464077e-03 -9.54713952e-03  1.76378305e-03  2.60556117e-05
  4.91164392e-03 -1.60717161e-03  2.39513582e-03 -2.11437070e-03
 -8.05770420e-03 -3.04891728e-04  5.90505032e-03 -8.54030158e-03
 -1.58198401e-02  1.28143849e-02]"
Me siento bien con mi vida,üíñ,"['me', 'siento', 'bien', 'con', 'mi', 'vida']","[-9.76488832e-03  3.37438862e-04  2.19794200e-03  3.96395149e-03
  1.24319075e-02 -1.34028529e-03  5.34580601e-03 -1.50721136e-03
 -7.41096039e-04 -6.51823357e-04 -9.95772076e-04 -8.74950644e-03
 -3.25155299e-04  2.20443308e-03 -1.33351434e-03  9.26955976e-03
  3.90531095e-05  7.55708292e-03  1.27558690e-03 -6.94414228e-03
  2.54572160e-03  2.10178853e-03  9.68010724e-03 -1.07944971e-02
  5.44195017e-03 -1.19777862e-03  5.29001048e-03 -7.67585030e-03
 -2.47563957e-03 -6.18979707e-03  2.79362057e-03  1.91418326e-03
  7.60592939e-03  5.43900067e-03  4.55677928e-03  4.25284309e-03
  3.78327747e-03  1.06095489e-04  9.16625839e-04  6.34848839e-03
  4.18442814e-03  2.09224108e-03 -1.06074726e-02  2.62311823e-03
  7.39556924e-03  7.32958829e-03 -2.35953345e-03 -1.65714463e-03
  1.19026728e-04  3.16191907e-03]"
Estoy tan agradecido,üôè,"['estoy', 'tan', 'agradecido']","[ 9.0268217e-03  5.6088106e-03 -2.1139884e-03  2.9573366e-03
 -9.3626240e-03 -9.2004146e-03  4.7927960e-03  1.6577249e-02
 -2.8335291e-03 -8.1469417e-03  8.4368186e-03  3.9267042e-03
  9.3051855e-04  1.7515492e-03  3.5631238e-03 -8.8947574e-03
 -7.9665962e-04  1.7993698e-03 -9.9721216e-03 -1.8586747e-02
  5.8801360e-03 -4.8632286e-03  4.8599993e-03  1.4277952e-03
 -3.8101347e-03 -1.0902029e-02 -8.7530063e-03  1.3002151e-02
 -6.4232438e-03 -8.6506567e-04 -1.0543630e-02 -1.4914522e-03
  9.6277809e-03 -2.9776909e-03 -2.4618709e-03 -2.4998209e-03
  1.1936829e-02 -5.3872261e-04 -6.8848506e-03 -1.3399926e-02
 -1.6823446e-02  1.7068855e-03 -5.0148810e-03  3.8031317e-04
  5.2821897e-03 -1.9861723e-03  5.1313308e-03  1.3560712e-03
  6.5493245e-05  8.2417242e-03]"
Estoy preocupado por el futuro,üåßÔ∏è,"['estoy', 'preocupado', 'por', 'el', 'futuro']","[-1.18089106e-03 -3.88528733e-03  2.11052224e-03  1.09993089e-02
 -9.99831595e-03  6.47250842e-03  1.06852474e-02  1.18265324e-03
 -3.63232190e-04  5.55813953e-04  1.03766229e-02  4.40697977e-03
  8.53100233e-03  6.25646394e-03  1.93240936e-03  7.28067895e-03
  4.19407245e-03  6.95238262e-03 -8.44391994e-03 -7.47364480e-03
  2.26091919e-03  2.43247906e-03  4.71824128e-03  4.53480985e-03
  1.21470485e-02  1.05560233e-03 -5.69592696e-03  7.65203312e-03
 -6.61466923e-03 -7.48554245e-03 -5.11121145e-03 -2.21347366e-03
  5.42446133e-03 -3.23705390e-05  2.18094373e-03 -3.43061355e-03
  6.39266754e-03  1.61695888e-03 -4.20274585e-03 -9.89316590e-03
  2.45447154e-03  4.81084967e-03 -5.43148722e-03  3.65163491e-04
  2.64279754e-03 -1.72271207e-03 -1.32785834e-04 -3.15975514e-03
 -3.79595353e-04  2.62949616e-03]"
Qu√© impresionante,üò≤,"['qu√©', 'impresionante']","[-1.80286448e-03 -9.51747317e-03 -7.06395600e-03  2.53092358e-03
  2.11560656e-03  3.30641400e-03  6.28486881e-03  7.21490383e-03
 -7.13959290e-03  1.49253886e-02 -4.13408363e-03 -5.42727206e-03
 -6.75453153e-03 -1.88117591e-03 -4.79356479e-03 -1.68501539e-03
 -6.95705414e-04 -1.12126302e-02  1.62472371e-02  1.36414235e-02
 -7.70204235e-04 -1.72631592e-02  1.12978490e-02  1.11305304e-02
 -6.49089925e-04 -1.55458953e-02 -8.99775885e-03 -2.31520063e-03
 -2.66248314e-03 -1.13060465e-03 -8.94011650e-03 -3.24297277e-03
 -3.36754462e-03 -4.69508581e-04 -7.17777573e-03 -7.62257539e-03
  5.60036022e-03 -1.03885438e-02 -4.24911967e-04 -9.93422605e-03
 -3.25968722e-05  3.66733433e-03 -3.67369433e-03 -1.28037184e-02
 -7.57803209e-03 -2.05444125e-03 -2.64026783e-03 -1.22188665e-02
 -1.91717036e-03  1.25345169e-02]"
Estoy listo para dormir,üõèÔ∏è,"['estoy', 'listo', 'para', 'dormir']","[ 0.00244053 -0.00495355  0.01051242  0.0046795  -0.00880224  0.00412873
  0.00685459  0.00319    -0.00744134  0.00200901  0.00209736  0.00111049
  0.00744291 -0.00199884 -0.01241885 -0.00145728 -0.00149592 -0.0037921
 -0.003243   -0.00721071  0.00644581  0.00178361  0.00218532 -0.00314931
  0.00502769  0.00161758 -0.00648102  0.00511311 -0.00340448 -0.00527343
 -0.0064405  -0.00336297  0.01013889 -0.00863548  0.00119602 -0.00491933
  0.00192302 -0.00905368  0.00141471 -0.00063805 -0.00912951  0.00525508
 -0.00101272 -0.00342122  0.00108878 -0.0017692   0.00047984  0.00405872
 -0.01097633  0.00094315]"
Qu√© r√°pido pasa el tiempo,‚è≥,"['qu√©', 'r√°pido', 'pasa', 'el', 'tiempo']","[ 1.18167503e-02 -2.12218170e-03 -3.19657614e-03 -5.87946561e-04
  5.27353305e-03  9.33487155e-03  2.53898848e-04  4.68928693e-03
  8.71175714e-03  9.39511869e-04 -5.98484930e-03  4.12504282e-03
  5.64249232e-04  2.14189295e-05 -4.23248019e-03  1.20278755e-02
  1.00388285e-02  2.28964095e-03 -5.15276450e-04  1.59055251e-03
 -2.92757148e-04 -2.09210557e-03  1.10762485e-03 -3.46756610e-03
 -3.11571336e-03  7.89842685e-04 -1.06939450e-02 -1.32096105e-03
  2.84051127e-03 -7.68188402e-05 -1.23235779e-02  1.41087361e-03
  2.00880691e-03 -8.11382197e-03  2.53896986e-04  4.70634172e-04
  8.56479537e-03 -1.52540393e-04  3.74889676e-03 -5.69986552e-03
  6.85069803e-03 -5.18881762e-03  4.48673870e-03  2.43796920e-03
  1.16120256e-03 -2.01306725e-03  1.12821476e-03 -5.86474454e-03
 -2.58951960e-03  5.53767011e-03]"
Estoy buscando algo,üîç,"['estoy', 'buscando', 'algo']","[ 2.23878119e-03 -5.85440034e-03  4.78194002e-03  1.18658366e-02
 -1.38571791e-04 -8.75210797e-04  1.47746515e-03  1.17660314e-02
  2.05890159e-03 -3.03591229e-03  4.08826163e-03 -7.19894329e-03
 -4.69225738e-03  1.26174279e-02 -7.51622906e-03  1.28967629e-03
 -7.41879828e-03  3.38829798e-03 -1.07548535e-02 -1.24355676e-02
  1.02775879e-02  1.02686407e-02  1.00916170e-03  9.60352737e-03
  3.38921114e-03  4.42817196e-04  6.71103830e-03 -3.97467474e-03
 -1.32063404e-02 -6.42949110e-03 -3.27903940e-03 -9.46065411e-03
  7.70372711e-03 -8.56670272e-03 -1.86683296e-03  3.58963292e-03
  1.03711886e-02  5.65422524e-04 -4.70662490e-03 -7.96812400e-03
 -4.95865708e-03 -2.97348830e-03 -1.60937496e-02  6.52909512e-03
  3.53414542e-03 -5.19445259e-03 -1.47578670e-02 -8.89515504e-05
  1.13058863e-02  1.21671176e-02]"
Me siento extra√±o,ü§∑‚Äç‚ôÇÔ∏è,"['me', 'siento', 'extra√±o']","[-0.01262071 -0.00108665  0.00686644  0.00574343  0.00987525 -0.0108476
 -0.00183817 -0.00706506  0.00161654  0.00038251  0.00176097 -0.00849963
  0.00018003  0.00215103  0.00183854  0.00379513  0.00472997  0.00703439
  0.00048256  0.00402621  0.005942    0.00489015  0.00727865 -0.01724206
  0.01342388  0.00345362 -0.002215    0.00817933 -0.00386313  0.0041961
  0.00502815  0.00364181  0.00503172 -0.00213342 -0.00374231  0.00929584
  0.00974221 -0.00319319  0.00444717  0.00938457  0.00748082 -0.00971483
  0.00122133  0.0008413   0.00974393  0.0116693  -0.00489658 -0.00331287
  0.00120315 -0.00110148]"
Estoy buscando respuestas,üßê,"['estoy', 'buscando', 'respuestas']","[-0.00101688 -0.00394717  0.00221724  0.01738921  0.00171391 -0.00451609
  0.00538058  0.0098763  -0.00251348  0.00149251  0.00286387 -0.00015941
  0.00355335  0.00976638 -0.00467677 -0.00298015  0.00364334  0.00932526
 -0.01583027 -0.00276289  0.00783173  0.00468584  0.0051256   0.00360522
  0.00214157 -0.01041405 -0.00048987  0.00276108 -0.01243608 -0.00916844
 -0.00093713 -0.01011853  0.00252214  0.00175413  0.00271915  0.00311272
  0.00709271  0.00320594  0.00027623  0.00273916 -0.00865688  0.00226954
 -0.00869134  0.00104308 -0.00064772 -0.00413071 -0.00300632  0.00515718
  0.01227137  0.00565918]"
Qu√© emocionante,üò±,"['qu√©', 'emocionante']","[ 1.6085366e-02  1.1681300e-04  9.4506359e-03 -3.3788150e-04
 -9.3799820e-03  1.3163270e-02  1.4007622e-03  1.5075622e-02
  1.9981680e-03  1.3243538e-02 -2.3964704e-03  3.6045492e-03
 -6.7054271e-03 -4.2710174e-03  1.3363505e-02 -1.7368798e-03
  6.2041515e-03 -8.0674998e-03  1.2256531e-02  1.3019171e-02
 -7.7860961e-03 -5.0932216e-03  1.0686186e-03  9.7707491e-03
  7.4066469e-03 -3.0864670e-03 -1.1690312e-02 -5.5090338e-03
  1.2966736e-02  5.9972522e-03 -3.6042286e-03  5.4651895e-04
  3.0689838e-03 -1.2770137e-02 -3.1165890e-03  1.3271065e-03
 -6.4548240e-03 -1.6525898e-02  1.0744304e-02  4.7674226e-03
  9.2990492e-03 -9.2690694e-05 -6.5260688e-03 -1.5428081e-02
 -1.0549874e-03 -6.8180212e-03 -2.0717173e-03 -4.3738890e-04
 -1.2429048e-02 -4.6141958e-03]"
Me siento relajado en la naturaleza,üå≥,"['me', 'siento', 'relajado', 'en', 'la', 'naturaleza']","[ 0.00160312  0.00425586  0.00040877  0.00654698  0.00419869 -0.00576355
  0.00688965 -0.00428538  0.00132396 -0.00084751  0.00185211  0.00341672
  0.00149521 -0.00447415 -0.00225065  0.00267094  0.00642945  0.00054991
 -0.00665738 -0.00355221  0.00163812  0.0048036   0.00051025 -0.01678814
 -0.00082178  0.00115347  0.00203101 -0.00221789  0.00087256  0.00339808
  0.00419059 -0.00413723  0.00288472  0.00155168 -0.00161012  0.00021116
 -0.00398802 -0.00331626  0.00285298  0.0047402   0.00546549  0.00270808
  0.00317861  0.00436741  0.00827091  0.00015456 -0.01003277 -0.00200952
  0.00746378  0.00703443]"
Qu√© fr√≠o est√° afuera,ü•∂,"['qu√©', 'fr√≠o', 'est√°', 'afuera']","[ 0.00107691 -0.00595603 -0.00043308  0.00735859 -0.00292113  0.00388169
  0.01031737 -0.00077983  0.00321     0.01110647 -0.00342252 -0.00222851
 -0.00250963 -0.00471852 -0.00116041 -0.00243716 -0.00586805 -0.00648136
  0.0041607   0.00877106  0.00071124 -0.00109755  0.00386865  0.00947466
  0.00485757  0.00367909  0.00039311 -0.00596838 -0.00133086 -0.00382037
 -0.00128923  0.00933643  0.00035975  0.00015367 -0.0070545   0.00431428
 -0.01007454 -0.00243654  0.00585611  0.00658881  0.00724595  0.00225356
 -0.00024403 -0.00671034 -0.01167875  0.00507272  0.01007299 -0.00429391
  0.0042243  -0.00210691]"
Me siento √∫til,ü¶∏‚Äç‚ôÇÔ∏è,"['me', 'siento', '√∫til']","[-1.55030722e-02  1.13382265e-02 -3.85237305e-04 -1.12990045e-03
  1.59978718e-02 -9.15114582e-03  2.94792210e-03 -9.21656552e-04
 -2.46246834e-03 -1.09393208e-03 -1.47243775e-03 -7.38898059e-03
 -6.09068200e-04  4.30815155e-03  1.88460154e-03  2.44564307e-03
  6.00874471e-03  9.55098029e-03 -8.49641766e-03 -2.79489090e-03
  3.22370999e-03  4.16322984e-03 -6.02650165e-04 -1.60515159e-02
  1.28683746e-02 -1.63890581e-04  6.94661634e-03  2.76009925e-03
 -6.68794662e-03 -4.57156496e-03  5.89357130e-03  2.03837221e-03
 -8.32523219e-04 -2.90074502e-03 -5.78611391e-03  7.66941672e-03
  7.07003335e-03  3.49077187e-03  3.13056936e-03  5.75198838e-03
  5.58176264e-03 -4.30568727e-03 -1.30646874e-03 -5.81325591e-03
 -4.03023623e-05  4.33120551e-03  1.81621872e-05 -8.31555109e-03
  2.31700856e-03  8.23893677e-03]"
Estoy tan feliz que no puedo parar de sonre√≠r,üòÄ,"['estoy', 'tan', 'feliz', 'que', 'no', 'puedo', 'parar', 'de', 'sonre√≠r']","[ 0.0007951  -0.00351318 -0.00305992  0.00285631 -0.00080213 -0.00337308
  0.00034376  0.00722695 -0.00333874 -0.00404925  0.00440513  0.00020339
  0.00015787  0.00637773 -0.0024935  -0.00190877  0.00040873  0.00338022
 -0.00292373 -0.00677236  0.00554747 -0.00173599  0.00525399 -0.00225608
  0.00338062 -0.00444673  0.00117523  0.00543732 -0.00806662  0.00096111
  0.00242823  0.00058222  0.00270914 -0.00236232 -0.0013178  -0.00029577
 -0.00131239 -0.00240738 -0.00353138 -0.00258605 -0.0024756  -0.00042283
 -0.00054716 -0.00187564  0.00423964  0.00579016 -0.00237591 -0.00108464
  0.00241351  0.00447103]"
Qu√© divertido est√° todo,ü§©,"['qu√©', 'divertido', 'est√°', 'todo']","[ 0.00813256 -0.0081271  -0.00204449  0.00187545  0.00370656 -0.00219884
 -0.00165637  0.00243153 -0.00078886 -0.00063374 -0.00875603 -0.00509249
  0.00107174  0.00377136 -0.00146603  0.00467126  0.00576228  0.00225922
  0.00776351  0.0088778   0.00013416 -0.00074667 -0.00242015  0.00677766
  0.0050856   0.00389271 -0.00629547  0.00237698  0.00885165 -0.004944
 -0.0013598   0.00207418  0.00555794 -0.00086613 -0.00770308 -0.00468673
  0.00306113  0.00065928  0.00308772 -0.00701764  0.00483157 -0.00515898
  0.00693098  0.00011979 -0.00496926 -0.00149352  0.00752367 -0.00146155
  0.00229552 -0.00157779]"
Me siento agotado de tanto trabajar,üßë‚Äçüíª,"['me', 'siento', 'agotado', 'de', 'tanto', 'trabajar']","[-0.00758095  0.00404201 -0.00851212 -0.00211033  0.00866107  0.00071302
  0.0007675   0.00227641 -0.00484842 -0.00145388 -0.00674712 -0.00560716
 -0.00436495  0.00466922  0.00335029  0.00494921  0.00080014  0.00336135
 -0.00520294 -0.00011656 -0.00113128 -0.00025594 -0.00011329 -0.00915294
  0.01058494 -0.00301469  0.0061227   0.00205981 -0.00258712  0.00205236
  0.00788662 -0.00877812  0.00224946 -0.0061618   0.00143959  0.00265929
  0.00259074 -0.00046088  0.00699428  0.00324537 -0.00395989 -0.00530335
 -0.0035065   0.00459889  0.00041451  0.00419909 -0.00571493 -0.00287974
  0.00217698  0.00453574]"
Estoy listo para lo que venga,üèÉ‚Äç‚ôÇÔ∏è,"['estoy', 'listo', 'para', 'lo', 'que', 'venga']","[ 7.9809566e-04 -1.0386050e-03  4.7480022e-03 -5.2040833e-04
 -9.8978635e-03  2.8220626e-05  3.8601307e-03 -2.5895843e-04
 -7.1548750e-03  2.4059669e-03  5.7199742e-03  4.5434390e-03
  6.5114518e-04  2.1740468e-04 -1.0816704e-02 -5.1744126e-05
  1.2205285e-03  2.1359273e-03  3.1331081e-03 -3.9647915e-03
  4.3901280e-03 -5.9121759e-03  7.3332171e-04  3.1097184e-03
  9.0842731e-03  4.9796882e-03 -4.8128744e-03  6.2221079e-03
 -3.0733531e-03 -2.7900466e-03 -1.7457647e-03  2.9463696e-03
  8.0132335e-03 -1.2484792e-02 -2.8467449e-04 -4.5463378e-03
  4.5986348e-03 -4.5481850e-03 -1.2547332e-03 -2.2456658e-03
 -1.2615203e-03  1.4475097e-04 -3.5446975e-03  7.1803550e-03
  1.0638494e-03 -3.8977526e-04  1.9566817e-03 -1.0912350e-03
 -6.2860455e-03 -1.0322798e-03]"
